FrameNumber,HMDPX,HMDPY,HMDPZ,HMDRX,HMDRY,HMDRZ,ViewFrame
0,204.0000,503.0000,1200.0000,0.0000,180.0000,0.0000,0
1,204.0000,503.0000,1200.0000,0.0000,180.0000,0.0000,0
2,204.0000,503.0000,1200.0000,0.0000,180.0000,0.0000,0
3,204.0000,503.0000,1200.0000,0.0000,180.0000,0.0000,0
4,204.0000,503.0000,1200.0000,0.0000,180.0000,0.0000,0
5,204.0000,503.0000,1200.0000,0.0000,180.0000,0.0000,0
6,204.0000,503.0000,1200.0000,0.0000,180.0000,0.0000,0
7,204.0000,503.0000,1200.0000,0.0000,180.0000,0.0000,0
8,204.0000,503.0000,1200.0000,0.0000,180.0000,0.0000,0
9,204.0000,503.0000,1200.0000,0.0000,180.0000,0.0000,0
10,204.0000,503.0000,1200.0000,0.0000,180.0000,0.0000,0
11,204.0000,503.0000,1200.0000,0.0000,180.0000,0.0000,0
12,204.0000,503.0000,1200.0000,0.0000,180.0000,0.0000,0
13,204.0000,503.0000,1200.0000,0.0000,180.0000,0.0000,0
14,204.0000,503.0000,1200.0000,0.0000,180.0000,0.0000,0
15,204.0000,503.0000,1200.0000,0.0000,180.0000,0.0000,0
16,204.0000,503.0000,1200.0000,0.0000,180.0000,0.0000,0
17,204.0000,503.0000,1200.0000,0.0000,180.0000,0.0000,0
18,204.0000,503.0000,1200.0000,0.0000,180.0000,0.0000,0
19,204.0000,503.0000,1200.0000,0.0000,180.0000,0.0000,0
20,204.0000,503.0000,1200.0000,0.0000,180.0000,0.0000,0
21,204.0000,503.0000,1200.0000,0.0000,180.0000,0.0000,0
22,204.0000,503.0000,1200.0000,0.0000,180.0000,0.0000,0
23,204.0000,503.0000,1200.0000,0.0000,180.0000,0.0000,0
24,204.0000,503.0000,1200.0000,0.0000,180.0000,0.0000,0
25,204.0000,503.0000,1200.0000,0.0000,180.0000,0.0000,0
26,204.0000,503.0000,1200.0000,0.0000,180.0000,0.0000,0
27,204.0000,503.0000,1200.0000,0.0000,180.0000,0.0000,0
28,204.0000,503.0000,1200.0000,0.0000,180.0000,0.0000,0
29,204.0000,503.0000,1200.0000,0.0000,180.0000,0.0000,0
30,204.0000,503.0000,1200.0000,0.0000,180.0000,0.0000,0
31,204.0000,503.0000,1200.0000,0.0000,180.0000,0.0000,0
32,204.0000,503.0000,1200.0000,0.0000,180.0000,0.0000,0
33,204.0000,503.0000,1200.0000,0.0000,180.0000,0.0000,0
34,204.0000,503.0000,1200.0000,0.0000,180.0000,0.0000,0
35,204.0000,503.0000,1200.0000,0.0000,180.0000,0.0000,0
36,204.0000,503.0000,1200.0000,0.0000,180.0000,0.0000,0
37,204.0000,503.0000,1200.0000,0.0000,180.0000,0.0000,0
38,204.0000,503.0000,1200.0000,0.0000,180.0000,0.0000,0
39,204.0000,503.0000,1200.0000,0.0000,180.0000,0.0000,0
40,204.0000,503.0000,1200.0000,0.0000,180.0000,0.0000,0
41,204.0000,503.0000,1200.0000,0.0000,180.0000,0.0000,0
42,193.0784,503.0000,1200.0000,0.0000,180.0000,0.0000,0
43,175.6476,503.0000,1200.0000,0.0000,180.0000,0.0000,0
44,157.7440,503.0000,1200.0000,0.0000,180.0000,0.0000,0
45,140.1684,503.0000,1200.0000,0.0000,180.0000,0.0000,0
46,122.5011,503.0000,1200.0000,0.0000,180.0000,0.0000,0
47,105.0290,503.0000,1200.0000,0.0000,180.0000,0.0000,0
48,93.4613,503.0000,1200.0000,0.0000,180.0000,0.0000,0
49,93.4613,503.0000,1200.0000,0.0000,180.0000,0.0000,0
50,93.4613,503.0000,1200.0000,0.0000,180.0000,0.0000,0
51,93.4613,503.0000,1200.0000,0.0000,180.0000,0.0000,0
52,93.4613,503.0000,1200.0000,0.0000,180.0000,0.0000,0
53,93.4613,503.0000,1200.0000,0.0000,180.0000,0.0000,0
54,93.4613,503.0000,1200.0000,0.0000,180.0000,0.0000,0
55,93.4613,503.0000,1200.0000,0.0000,180.0000,0.0000,0
56,93.4613,503.0000,1200.0000,0.0000,180.0000,0.0000,0
57,93.4613,503.0000,1200.0000,0.0000,180.0000,0.0000,0
58,93.4613,503.0000,1200.0000,0.0000,180.0000,0.0000,0
59,93.4613,503.0000,1200.0000,0.0000,180.0000,0.0000,0
60,93.4613,503.0000,1200.0000,0.0000,180.0000,0.0000,0
61,93.4613,503.0000,1193.6580,0.0000,180.0000,0.0000,0
62,93.4613,503.0000,1180.0590,0.0000,180.0000,0.0000,0
63,93.4613,503.0000,1166.2720,0.0000,180.0000,0.0000,0
64,93.4613,503.0000,1152.6460,0.0000,180.0000,0.0000,0
65,93.4613,503.0000,1138.8780,0.0000,180.0000,0.0000,0
66,93.4613,503.0000,1136.3280,0.0000,180.0000,0.0000,0
67,93.4613,503.0000,1136.3280,0.0000,180.0000,0.0000,0
68,93.4613,503.0000,1136.3280,0.0000,180.0000,0.0000,0
69,93.4613,503.0000,1136.3280,0.0000,180.0000,0.0000,0
70,93.4613,503.0000,1136.3280,0.0000,180.0000,0.0000,0
71,93.4613,503.0000,1136.3280,0.0000,180.0000,0.0000,0
72,93.4613,503.0000,1136.3280,0.0000,180.0000,0.0000,0
73,93.4613,503.0000,1136.3280,0.0000,180.0000,0.0000,0
74,93.4613,503.0000,1136.3280,0.0000,180.0000,0.0000,0
75,80.7750,503.0000,1136.3280,0.0000,180.0000,0.0000,0
76,63.1202,503.0000,1136.3280,0.0000,180.0000,0.0000,0
77,45.4685,503.0000,1136.3280,0.0000,180.0000,0.0000,0
78,27.8208,503.0000,1136.3280,0.0000,180.0000,0.0000,0
79,9.9063,503.0000,1136.3280,0.0000,180.0000,0.0000,0
80,-7.5283,503.0000,1136.3280,0.0000,180.0000,0.0000,0
81,-24.9296,503.0000,1136.3280,0.0000,180.0000,0.0000,0
82,-42.7540,503.0000,1136.1030,0.1758,177.8571,0.0000,0
83,-60.4415,503.0000,1134.8350,0.1759,173.6735,0.0000,0
84,-78.1777,503.0000,1131.0850,0.1758,163.5714,0.0000,0
85,-95.0233,503.0000,1125.3310,0.1759,158.7755,0.0000,0
86,-111.0321,503.0000,1118.6470,0.1758,156.3265,0.0000,0
87,-127.1495,503.0000,1111.2200,0.1759,154.4898,0.0000,0
88,-145.9824,503.0000,1101.7700,0.1759,152.7551,0.0000,0
89,-161.5215,503.0000,1093.5230,0.1758,151.4286,0.0000,0
90,-177.0421,503.0000,1084.9030,0.1758,150.3061,0.0000,0
91,-192.3461,503.0000,1076.0320,0.1758,149.4898,0.0000,0
92,-208.0313,503.0000,1066.5290,0.1758,148.1633,0.0000,0
93,-224.5108,503.0000,1056.2620,0.1758,148.0612,0.0000,0
94,-239.7842,503.0000,1046.7410,0.1758,148.0612,0.0000,0
95,-255.0068,503.0000,1037.2510,0.1758,148.0612,0.0000,0
96,-270.1857,503.0000,1027.7890,0.1758,148.0612,0.0000,0
97,-284.9907,503.0000,1018.5600,0.1758,148.0612,0.0000,0
98,-300.1497,503.0000,1009.1100,0.1758,148.0612,0.0000,0
99,-314.8685,503.0000,999.9343,0.1758,148.0612,0.0000,0
100,-329.7625,503.0000,990.6497,0.1758,148.0612,0.0000,0
101,-346.6757,503.0000,980.1063,0.1758,148.0612,0.0000,0
102,-361.5343,503.0000,970.8438,0.1758,148.0612,0.0000,0
103,-376.3430,503.0000,961.6124,0.1758,148.0612,0.0000,0
104,-391.3496,503.0000,952.2575,0.1758,148.0612,0.0000,0
105,-406.1841,503.0000,943.0098,0.1758,148.0612,0.0000,0
106,-421.3534,503.0000,933.5534,0.1759,148.0612,0.0000,0
107,-436.2691,503.0000,924.2552,0.1759,148.0612,0.0000,0
108,-451.4044,503.0000,914.8201,0.1759,148.0612,0.0000,0
109,-466.4710,503.0000,905.4150,0.1758,147.6531,0.0000,0
110,-481.6548,503.0000,895.3132,0.1758,145.0000,0.0000,0
111,-496.0576,503.0000,884.4044,0.1759,141.4286,0.0000,0
112,-509.7524,503.0000,872.8196,0.1759,138.5714,0.0000,0
113,-522.7136,503.0000,861.0071,0.1759,136.6326,0.0000,0
114,-535.2457,503.0000,848.7043,0.1758,134.7959,0.0000,0
115,-547.3459,503.0000,836.1249,0.1759,133.3673,0.0000,0
116,-559.5400,503.0000,822.8886,0.1759,132.0408,0.0000,0
117,-571.2834,503.0000,809.6823,0.1759,131.1224,0.0000,0
118,-582.6530,503.0000,796.2685,0.1759,129.6939,0.0000,0
119,-593.5412,503.0000,782.6868,0.1759,128.1633,0.0000,0
120,-604.7336,503.0000,768.1569,0.1759,127.0408,0.0000,0
121,-615.1703,503.0000,754.0130,0.1759,126.0204,0.0000,0
122,-625.5499,503.0000,739.5281,0.1759,125.4082,0.0000,0
123,-636.6094,503.0000,723.7655,0.1759,124.7959,0.0000,0
124,-646.4406,503.0000,709.3608,0.1759,123.8775,0.0000,0
125,-656.1791,503.0000,694.6526,0.1758,123.2653,0.0000,0
126,-665.8378,503.0000,679.4506,0.1758,121.5306,0.0000,0
127,-674.8024,503.0000,664.2278,0.1758,119.5918,0.0000,0
128,-682.8698,503.0000,648.6385,0.1759,114.5918,0.0000,0
129,-689.0103,503.0000,632.4343,0.1759,108.4694,0.0000,0
130,-694.3649,503.0000,615.3320,0.1759,107.1429,0.0000,0
131,-699.6472,503.0000,598.1183,0.1758,107.0408,0.0000,0
132,-704.8882,503.0000,581.0191,0.1758,107.0408,0.0000,0
133,-710.1249,503.0000,563.9340,0.1758,107.0408,0.0000,0
134,-715.3646,503.0000,546.8397,0.1758,107.0408,0.0000,0
135,-720.6406,503.0000,529.6263,0.1758,107.0408,0.0000,0
136,-725.7485,503.0000,512.9615,0.1758,107.0408,0.0000,0
137,-730.9338,503.0000,496.0445,0.1758,107.0408,0.0000,0
138,-736.0359,503.0000,479.3985,0.1758,107.0408,0.0000,0
139,-741.2623,503.0000,462.3470,0.1758,107.0408,0.0000,0
140,-746.5175,503.0000,445.2014,0.1758,107.0408,0.0000,0
141,-751.6365,503.0000,428.5005,0.1758,107.0408,0.0000,0
142,-756.9061,503.0000,411.3085,0.1758,107.0408,0.0000,0
143,-762.1502,503.0000,394.1994,0.1758,107.0408,0.0000,0
144,-767.3434,503.0000,377.2570,0.1758,107.0408,0.0000,0
145,-772.8766,503.0000,359.2046,0.1759,107.0408,0.0000,0
146,-777.9951,503.0000,342.5056,0.1759,107.0408,0.0000,0
147,-783.1656,503.0000,325.0576,0.1758,105.1020,0.0000,0
148,-787.2666,503.0000,307.6142,0.1759,100.5102,0.0000,0
149,-789.6130,503.0000,290.1084,0.1759,95.5102,0.0000,0
150,-790.7767,503.0000,272.7477,0.1759,92.9592,0.0000,0
151,-791.3824,503.0000,255.3150,0.1759,90.9184,0.0000,0
152,-791.4443,503.0000,237.7014,0.1759,89.2857,0.0000,0
153,-790.9464,503.0000,219.8190,0.1759,87.5510,0.0000,0
154,-789.9586,503.0000,201.9835,0.1759,86.3265,0.0000,0
155,-788.5829,503.0000,184.4011,0.1759,84.5918,0.0000,0
156,-786.6999,503.0000,166.8439,0.1759,83.1633,0.0000,0
157,-784.3627,503.0000,149.0896,0.1759,82.1429,0.0000,0
158,-781.8295,503.0000,131.6753,0.1759,81.5306,0.0000,0
159,-779.0833,503.0000,114.1819,0.1759,80.7143,0.0000,0
160,-776.0775,503.0000,96.9487,0.1759,79.2857,0.0000,0
161,-772.4959,503.0000,79.4835,0.1759,77.7551,0.0000,0
162,-768.1832,503.0000,62.4706,0.1759,73.8776,0.0000,0
163,-762.1251,503.0000,46.1545,0.1759,66.4286,0.0000,0
164,-754.8937,503.0000,30.2371,0.1759,64.8980,0.0000,0
165,-747.4325,503.0000,14.3726,0.1759,64.7959,0.0000,0
166,-739.9373,503.0000,-1.5529,0.1759,64.7959,0.0000,0
167,-731.1844,503.0000,-20.1500,0.1759,64.7959,0.0000,0
168,-723.4608,503.0000,-36.5606,0.1759,64.7959,0.0000,0
169,-715.8478,503.0000,-52.7361,0.1759,64.7959,0.0000,0
170,-708.1841,503.0000,-69.0195,0.1759,64.7959,0.0000,0
171,-700.6473,503.0000,-85.0333,0.1759,64.7959,0.0000,0
172,-693.1662,503.0000,-100.9286,0.1759,64.7959,0.0000,0
173,-685.6955,503.0000,-116.8015,0.1759,64.7959,0.0000,0
174,-678.3037,503.0000,-132.5073,0.1759,64.7959,0.0000,0
175,-670.8412,503.0000,-148.3627,0.1759,64.7959,0.0000,0
176,-663.4374,503.0000,-164.0937,0.1759,64.7959,0.0000,0
177,-655.9210,503.0000,-180.0640,0.1759,64.7959,0.0000,0
178,-648.4602,503.0000,-195.9158,0.1759,64.7959,0.0000,0
179,-640.8634,503.0000,-212.0569,0.1759,64.7959,0.0000,0
180,-633.4699,503.0000,-227.7659,0.1759,64.7959,0.0000,0
181,-625.9021,503.0000,-243.8452,0.1759,64.7959,0.0000,0
182,-618.4648,503.0000,-259.6472,0.1759,64.7959,0.0000,0
183,-610.8069,503.0000,-275.6381,0.1759,63.2653,0.0000,0
184,-601.8448,503.0000,-291.2090,0.2638,57.7551,0.0000,0
185,-591.7675,503.0000,-305.3872,0.2638,52.0408,0.0000,0
186,-580.5638,503.0000,-319.0963,0.2638,49.2857,0.0000,0
187,-568.9180,503.0000,-332.2845,0.2638,47.6531,0.0000,0
188,-557.0135,503.0000,-344.9493,0.2638,46.1225,0.0000,0
189,-544.5004,503.0000,-357.3967,0.2638,44.0816,0.0000,0
190,-531.4509,503.0000,-369.5940,0.2638,42.2449,0.0000,0
191,-518.0410,503.0000,-381.5028,0.2638,40.8163,0.0000,0
192,-503.8044,503.0000,-393.4260,0.2638,39.0816,0.0000,0
193,-489.7611,503.0000,-404.5273,0.2638,37.5510,0.0000,0
194,-475.5127,503.0000,-415.3013,0.2638,36.7347,0.0000,0
195,-461.0380,503.0000,-425.8606,0.2638,35.8163,0.0000,0
196,-446.3071,503.0000,-436.2238,0.4396,34.2857,0.0000,0
197,-431.3279,503.0000,-446.2314,0.4396,33.0612,0.0000,0
198,-416.5709,503.0000,-455.5966,0.4396,31.9388,0.0000,0
199,-401.0881,503.0000,-465.0779,0.4396,31.0204,0.0000,0
200,-386.0042,503.0000,-473.9849,0.4396,30.2041,0.0000,0
201,-370.7520,503.0000,-482.6441,0.4396,29.0816,0.0000,0
202,-355.2913,503.0000,-490.9888,0.4396,27.6531,0.0000,0
203,-339.1427,503.0000,-499.1314,0.4396,25.8163,0.0000,0
204,-323.1196,503.0000,-506.5674,0.4396,23.8776,0.0000,0
205,-306.5692,503.0000,-513.5477,0.4396,22.0408,0.0000,0
206,-289.8554,503.0000,-519.9529,0.4396,19.6939,0.0000,0
207,-273.2762,503.0000,-525.5682,0.4396,17.8572,0.0000,0
208,-256.1455,503.0000,-530.9752,0.4396,17.3469,0.0000,0
209,-239.3707,503.0000,-536.1849,0.4396,17.2449,0.0000,0
210,-222.5337,503.0000,-541.4113,0.4396,17.2449,0.0000,0
211,-202.5460,503.0000,-547.6155,0.4396,17.2449,0.0000,0
212,-185.6403,503.0000,-552.8634,0.4396,17.2449,0.0000,0
213,-168.9808,503.0000,-558.0347,0.4396,17.2449,0.0000,0
214,-152.2373,503.0000,-563.2320,0.4396,17.2449,0.0000,0
215,-135.3339,503.0000,-568.4791,0.4396,17.2449,0.0000,0
216,-118.4472,503.0000,-573.7210,0.4396,17.2449,0.0000,0
217,-101.8205,503.0000,-578.8823,0.4396,17.2449,0.0000,0
218,-84.9276,503.0000,-584.1260,0.4396,17.2449,0.0000,0
219,-68.1103,503.0000,-589.3463,0.4396,17.2449,0.0000,0
220,-50.4883,503.0000,-594.8163,0.4396,17.2449,0.0000,0
221,-33.6652,503.0000,-600.0383,0.4396,17.2449,0.0000,0
222,-16.5211,503.0000,-605.3600,0.4396,17.2449,0.0000,0
223,0.4506,503.0000,-610.6282,0.4396,17.2449,0.0000,0
224,17.3317,503.0000,-615.8683,0.4396,17.2449,0.0000,0
225,34.4920,503.0000,-621.1950,0.4396,17.2449,0.0000,0
226,51.5753,503.0000,-626.4979,0.4396,17.2449,0.0000,0
227,68.2154,503.0000,-631.6611,0.6155,17.1429,0.0000,0
228,85.1893,503.0000,-636.5548,0.7034,14.4898,0.0000,0
229,102.1001,503.0000,-640.3762,0.8792,10.9184,0.0000,0
230,119.6683,503.0000,-643.2345,0.8792,8.2653,0.0000,0
231,136.9533,503.0000,-645.3868,0.8792,6.2245,0.0000,0
232,154.4502,503.0000,-647.0442,0.8792,4.6939,0.0000,0
233,172.1624,503.0000,-648.3693,0.8792,3.6735,0.0000,0
234,189.9980,503.0000,-649.3596,0.8792,2.6531,0.0000,0
235,207.8471,503.0000,-649.9263,0.8792,0.9184,0.0000,0
236,225.2370,503.0000,-650.0161,0.8792,359.5918,0.0000,0
237,242.6754,503.0000,-649.7429,0.8792,358.6735,0.0000,0
238,260.0890,503.0000,-649.2026,0.8792,357.9592,0.0000,0
239,277.7355,503.0000,-648.4294,0.8792,357.1429,0.0000,0
240,295.0678,503.0000,-647.4150,0.8793,356.1225,0.0000,0
241,312.4922,503.0000,-646.1620,0.8792,355.5102,0.0000,0
242,332.3319,503.0000,-644.4592,0.8792,354.4898,0.0000,0
243,349.8604,503.0000,-642.6030,0.8792,353.1633,0.0000,0
244,367.3644,503.0000,-640.2727,0.8792,351.6327,0.0000,0
245,384.7038,503.0000,-637.4264,0.8792,349.8980,0.0000,0
246,401.8457,503.0000,-633.9661,0.8792,347.3470,0.0000,0
247,418.6994,503.0000,-629.9176,0.8792,345.4082,0.0000,0
248,435.4927,503.0000,-625.2769,0.8792,343.5714,0.0000,0
249,452.0955,503.0000,-620.0837,0.8792,341.7347,0.0000,0
250,469.0488,503.0000,-614.3017,0.8792,340.7143,0.0000,0
251,485.4789,503.0000,-608.2632,0.9672,338.8776,0.0000,0
252,501.9034,503.0000,-601.6994,0.9672,337.2449,0.0000,0
253,517.9806,503.0000,-594.6753,0.9672,335.7143,0.0000,0
254,533.9680,503.0000,-587.2202,0.9672,334.5919,0.0000,0
255,550.1097,503.0000,-579.1241,0.9672,332.2449,0.0000,0
256,565.6057,503.0000,-570.7067,0.9672,330.7143,0.0000,0
257,580.7806,503.0000,-561.9618,0.9672,329.1837,0.0000,0
258,595.5284,503.0000,-552.7330,0.9672,326.9388,0.0000,0
259,609.9854,503.0000,-542.9325,0.9672,325.5102,0.0000,0
260,624.6971,503.0000,-532.3637,1.2310,322.8571,0.0000,0
261,638.2360,503.0000,-521.4915,1.2310,320.3061,0.0000,0
262,651.7699,503.0000,-510.1169,1.2310,319.7959,0.0000,0
263,665.5188,503.0000,-498.4855,1.2310,319.6939,0.0000,0
264,679.1285,503.0000,-486.9412,1.2310,319.6939,0.0000,0
265,692.7149,503.0000,-475.4166,1.2310,319.6939,0.0000,0
266,706.0181,503.0000,-464.1321,1.2310,319.6939,0.0000,0
267,719.3684,503.0000,-452.8078,1.2310,319.6939,0.0000,0
268,732.9818,503.0000,-441.2603,1.2310,319.6939,0.0000,0
269,746.3334,503.0000,-429.9349,1.2310,319.6939,0.0000,0
270,760.0527,503.0000,-418.2976,1.2310,319.6939,0.0000,0
271,773.4305,503.0000,-406.9499,1.2310,319.6939,0.0000,0
272,786.8445,503.0000,-395.5717,1.2310,319.6939,0.0000,0
273,801.8368,503.0000,-382.8545,1.2310,319.6939,0.0000,0
274,815.0945,503.0000,-371.6087,1.2310,319.6939,0.0000,0
275,828.3212,503.0000,-360.3893,1.2310,319.6939,0.0000,0
276,841.6216,503.0000,-349.1071,1.2310,319.6939,0.0000,0
277,854.8928,503.0000,-337.8498,1.2310,319.6939,0.0000,0
278,868.1918,503.0000,-326.5690,1.2309,319.6939,0.0000,0
279,881.4243,503.0000,-315.3446,1.2309,319.6939,0.0000,0
280,894.8168,503.0000,-303.9845,1.2309,319.6939,0.0000,0
281,908.1448,503.0000,-291.8217,1.2310,315.5102,0.0000,0
282,920.0573,503.0000,-278.9106,1.2310,311.1224,0.0000,0
283,931.3353,503.0000,-265.0160,1.2310,307.7551,0.0000,0
284,941.7948,503.0000,-250.9304,1.2310,305.6122,0.0000,0
285,951.7350,503.0000,-236.5649,1.2310,303.8776,0.0000,0
286,961.4047,503.0000,-221.6331,1.2310,302.0408,0.0000,0
287,970.6432,503.0000,-206.2923,1.2310,300.3061,0.0000,0
288,979.4341,503.0000,-190.9803,1.2309,299.4898,0.0000,0
289,987.9362,503.0000,-175.6832,1.2310,298.6735,0.0000,0
290,996.2219,503.0000,-159.9612,1.2310,297.1429,0.0000,0
291,1004.1050,503.0000,-143.8820,1.2310,295.4082,0.0000,0
292,1011.5300,503.0000,-127.8845,1.2310,294.3878,0.0000,0
293,1018.5850,503.0000,-111.9136,1.2309,293.2653,0.0000,0
294,1025.3640,503.0000,-95.6515,1.2310,292.0408,0.0000,0
295,1031.8490,503.0000,-79.0678,1.2310,290.7143,0.0000,0
296,1038.0070,503.0000,-62.1486,1.2310,289.3878,0.0000,0
297,1043.6360,503.0000,-45.5973,1.2309,288.4694,0.0000,0
298,1049.0150,503.0000,-29.0691,1.2309,287.7551,0.0000,0
299,1054.2330,503.0000,-12.4716,1.2310,287.1429,0.0000,0
300,1059.2610,503.0000,4.7165,1.2310,285.4082,0.0000,0
301,1063.6150,503.0000,21.9182,1.2310,283.2653,0.0000,0
302,1067.4260,503.0000,39.4176,1.2309,281.6327,0.0000,0
303,1070.7450,503.0000,56.6838,1.2310,280.4082,0.0000,0
304,1074.0370,503.0000,75.4790,1.2310,279.5918,0.0000,0
305,1076.6620,503.0000,92.6595,1.2310,277.8571,0.0000,0
306,1078.5960,503.0000,110.2576,1.2310,275.2040,0.0000,0
307,1079.9610,503.0000,128.1690,1.2310,273.4694,0.0000,0
308,1080.6400,503.0000,145.7651,1.2310,271.4285,0.0000,0
309,1081.0860,503.0000,163.6594,1.2310,271.4285,0.0000,0
310,1081.4950,503.0000,181.0417,1.2310,271.3265,0.0000,0
311,1081.9160,503.0000,199.2331,1.2310,271.3265,0.0000,0
312,1082.3190,503.0000,216.6489,1.2310,271.3265,0.0000,0
313,1082.7340,503.0000,234.5954,1.2310,271.3265,0.0000,0
314,1083.1360,503.0000,251.9380,1.2310,271.3265,0.0000,0
315,1083.5390,503.0000,269.3293,1.2310,271.3265,0.0000,0
316,1083.9400,503.0000,286.6730,1.2310,271.3265,0.0000,0
317,1084.3450,503.0000,304.1591,1.2310,271.3265,0.0000,0
318,1084.7480,503.0000,321.5792,1.2310,271.3265,0.0000,0
319,1085.1520,503.0000,339.0137,1.2310,271.3265,0.0000,0
320,1085.5630,503.0000,356.7572,1.2310,271.3265,0.0000,0
321,1085.9680,503.0000,374.2634,1.2310,271.3265,0.0000,0
322,1086.3770,503.0000,391.9334,1.2310,271.3265,0.0000,0
323,1086.6950,503.0000,409.5868,1.2310,270.2041,0.0000,0
324,1086.3590,503.0000,427.2603,1.2310,267.5510,0.0000,0
325,1084.9830,503.0000,444.6677,1.2309,263.7755,0.0000,0
326,1082.2570,503.0000,462.2069,1.2310,259.5919,0.0000,0
327,1078.3680,503.0000,479.2166,1.2310,255.0000,0.0000,0
328,1073.2910,503.0000,496.4294,1.2309,252.2449,0.0000,0
329,1067.5360,503.0000,513.4963,1.2310,250.7143,0.0000,0
330,1061.5460,503.0000,529.7783,1.2309,249.1837,0.0000,0
331,1054.9000,503.0000,546.5461,1.2309,247.4490,0.0000,0
332,1047.8120,503.0000,562.9739,1.2310,245.7143,0.0000,0
333,1040.2590,503.0000,579.0132,1.2309,244.1837,0.0000,0
334,1032.1560,503.0000,595.1307,1.2309,242.7551,0.0000,0
335,1023.5790,503.0000,611.3554,1.2310,241.6327,0.0000,0
336,1014.9130,503.0000,627.0485,1.2310,240.6123,0.0000,0
337,1005.9220,503.0000,642.5350,1.2309,238.9796,0.0000,0
338,996.5394,503.0000,657.8419,1.2309,237.8572,0.0000,0
339,987.1517,503.0000,672.5643,1.2309,237.1429,0.0000,0
340,977.0986,503.0000,687.6705,1.2310,235.3061,0.0000,0
341,966.7212,503.0000,701.8588,1.2309,232.2449,0.0000,0
342,955.6990,503.0000,715.4360,1.2310,229.5918,0.0000,0
343,943.6550,503.0000,728.8046,1.2309,227.3470,0.0000,0
344,931.8960,503.0000,741.5688,1.2309,227.3470,0.0000,0
345,919.9500,503.0000,754.5361,1.2309,227.3470,0.0000,0
346,907.9282,503.0000,767.5856,1.2309,227.3470,0.0000,0
347,895.9735,503.0000,780.5621,1.2309,227.3470,0.0000,0
348,883.6447,503.0000,793.9445,1.2309,227.3470,0.0000,0
349,871.8862,503.0000,806.7081,1.2309,227.3470,0.0000,0
350,860.0623,503.0000,819.5427,1.2309,227.3470,0.0000,0
351,847.9248,503.0000,832.7175,1.2309,227.3470,0.0000,0
352,836.0502,503.0000,845.6071,1.2309,227.3470,0.0000,0
353,824.1473,503.0000,858.5272,1.2309,227.3470,0.0000,0
354,811.8745,503.0000,871.8491,1.2309,227.3470,0.0000,0
355,799.9549,503.0000,884.5764,1.2309,226.1225,0.0000,0
356,787.3213,503.0000,897.2661,1.2309,224.0816,0.0000,0
357,773.0363,503.0000,910.4905,1.2309,221.4286,0.0000,0
358,759.4835,503.0000,921.5032,1.2309,217.6531,0.0000,0
359,744.8679,503.0000,931.9232,1.2310,213.9796,0.0000,0
360,729.9609,503.0000,941.6845,1.2309,212.5510,0.0000,0
361,714.9118,503.0000,951.0852,1.2310,211.5306,0.0000,0
362,699.4101,503.0000,960.2840,1.2309,209.6939,0.0000,0
363,684.0083,503.0000,968.8710,1.2309,208.3673,0.0000,0
364,668.6008,503.0000,976.9420,1.2309,207.0408,0.0000,0
365,652.9874,503.0000,984.7134,1.2309,206.0204,0.0000,0
366,636.8139,503.0000,992.3508,1.2309,204.6939,0.0000,0
367,620.5012,503.0000,999.7781,1.2310,204.0816,0.0000,0
368,604.4247,503.0000,1006.8640,1.2310,203.4694,0.0000,0
369,588.3747,503.0000,1013.6620,1.2309,202.5510,0.0000,0
370,571.8946,503.0000,1020.4290,1.2310,202.0408,0.0000,0
371,555.4692,503.0000,1027.0300,1.2310,201.6327,0.0000,0
372,538.8550,503.0000,1033.5970,1.2309,201.5306,0.0000,0
373,522.6198,503.0000,1039.9560,1.2310,201.1225,0.0000,0
374,505.9841,503.0000,1046.3360,1.2309,200.7143,0.0000,0
375,489.4225,503.0000,1052.5300,1.2309,200.2041,0.0000,0
376,472.8705,503.0000,1058.5570,1.2309,199.8980,0.0000,0
377,456.2514,503.0000,1064.5720,1.2309,199.8980,0.0000,0
378,439.1064,503.0000,1070.7780,1.2309,199.8980,0.0000,0
379,417.4299,503.0000,1078.6240,1.2309,199.8980,0.0000,0
380,405.2509,503.0000,1083.0320,1.2309,199.8980,0.0000,0
381,405.2509,503.0000,1083.0320,1.2309,199.8980,0.0000,0
382,405.2509,503.0000,1083.0320,1.2309,199.6939,0.0000,0
383,405.2509,503.0000,1083.0320,1.2309,199.6939,0.0000,0
384,405.2509,503.0000,1083.0320,1.2309,199.6939,0.0000,0
385,405.2509,503.0000,1083.0320,1.2309,199.6939,0.0000,0
386,405.2509,503.0000,1083.0320,1.2309,199.6939,0.0000,0
387,405.2509,503.0000,1083.0320,1.2309,199.6939,0.0000,0
388,405.2509,503.0000,1083.0320,1.2309,199.6939,0.0000,0
389,395.7375,503.0000,1086.3980,1.2309,199.1837,0.0000,0
390,378.8919,503.0000,1092.0790,1.2309,197.9592,0.0000,0
391,362.2808,503.0000,1097.2790,1.4068,196.9388,0.0000,0
392,344.3400,503.0000,1102.6730,1.4947,196.6327,0.0000,0
393,327.2145,503.0000,1107.7280,1.4947,196.3265,0.0000,0
394,310.1039,503.0000,1112.7030,1.4947,196.1225,0.0000,0
395,306.1527,503.0000,1113.8450,1.4947,195.9184,0.0000,0
396,306.1527,503.0000,1113.8450,1.4947,195.9184,0.0000,0
397,306.1527,503.0000,1113.8450,1.4947,195.7143,0.0000,0
398,306.1527,503.0000,1113.8450,1.4947,195.3061,0.0000,0
399,306.1527,503.0000,1113.8450,1.4947,195.3061,0.0000,0
400,306.1527,503.0000,1113.8450,1.4947,195.2041,0.0000,0
401,306.1527,503.0000,1113.8450,1.4947,194.8980,0.0000,0
402,306.1527,503.0000,1113.8450,1.4947,194.8980,0.0000,0
403,306.1527,503.0000,1113.8450,1.4947,194.8980,0.0000,0
404,306.1527,503.0000,1113.8450,1.4947,194.8980,0.0000,0
405,306.1527,503.0000,1113.8450,1.4947,194.8980,0.0000,0
406,306.1527,503.0000,1113.8450,1.4947,194.8980,0.0000,0
407,306.1527,503.0000,1113.8450,1.4947,194.8980,0.0000,0
408,306.1527,503.0000,1113.8450,1.4947,194.8980,0.0000,0
409,306.1527,503.0000,1113.8450,1.4947,194.8980,0.0000,0
410,306.1527,503.0000,1113.8450,1.4947,194.8980,0.0000,0
411,306.1527,503.0000,1113.8450,1.4947,194.8980,0.0000,0
412,306.1527,503.0000,1113.8450,1.4947,194.8980,0.0000,0
413,306.1527,503.0000,1113.8450,1.4947,194.8980,0.0000,0
414,306.1527,503.0000,1113.8450,1.4947,194.8980,0.0000,0
415,306.1527,503.0000,1113.8450,1.4947,194.8980,0.0000,0
416,306.1527,503.0000,1113.8450,1.4947,194.8980,0.0000,0
417,306.1527,503.0000,1113.8450,1.4947,194.7959,0.0000,0
418,306.1527,503.0000,1113.8450,1.4947,193.8776,0.0000,0
419,306.1527,503.0000,1113.8450,1.3189,192.8572,0.0000,0
420,306.1527,503.0000,1113.8450,1.3189,192.4490,0.0000,0
421,306.1527,503.0000,1113.8450,1.2310,191.5306,0.0000,0
422,306.1527,503.0000,1113.8450,0.7913,188.2653,0.0000,0
423,306.1527,503.0000,1113.8450,0.6155,186.2245,0.0000,0
424,306.1527,503.0000,1113.8450,0.3517,186.0204,0.0000,0
425,306.1527,503.0000,1113.8450,0.3517,186.0204,0.0000,0
426,306.1527,503.0000,1113.8450,0.3517,186.0204,0.0000,0
427,306.1527,503.0000,1113.8450,0.3517,186.0204,0.0000,0
428,306.1527,503.0000,1113.8450,0.3517,186.0204,0.0000,0
429,306.1527,503.0000,1113.8450,0.3517,186.0204,0.0000,0
430,306.1527,503.0000,1113.8450,0.3517,185.8163,0.0000,0
431,307.3918,503.0764,1126.2280,0.3517,185.7143,0.0000,0
432,308.7614,503.1608,1139.9140,0.3517,185.7143,0.0000,0
433,310.1342,503.2455,1153.6330,0.3517,185.7143,0.0000,0
434,311.4823,503.3285,1167.1050,0.3517,185.7143,0.0000,0
435,312.8333,503.4118,1180.6050,0.3517,185.7143,0.0000,0
436,314.1898,503.4954,1194.1610,0.3517,185.7143,0.0000,0
437,315.5504,503.5793,1207.7580,0.3517,185.7143,0.0000,0
438,316.9041,503.6628,1221.2870,0.3517,185.7143,0.0000,0
439,318.2715,503.7471,1234.9530,0.3517,185.7143,0.0000,0
440,319.6014,503.8292,1248.2430,0.3517,185.7143,0.0000,0
441,320.9434,503.9119,1261.6540,0.3517,185.7143,0.0000,0
442,322.2897,503.9949,1275.1080,0.3517,185.7143,0.0000,0
443,323.6638,504.0796,1288.8410,0.3517,185.7143,0.0000,0
444,325.0259,504.1635,1302.4530,0.3517,185.7143,0.0000,0
445,307.0078,504.2561,1319.4220,0.3517,185.7143,0.0000,0
446,290.1074,504.2989,1328.0810,0.3517,185.2041,0.0000,0
447,272.6993,504.2989,1329.4280,0.4396,183.7755,0.0000,0
448,255.3904,504.2989,1330.4770,0.4396,183.3674,0.0000,0
449,246.6586,504.2989,1330.9910,0.4396,182.9592,0.0000,0
450,246.6586,504.2989,1330.9910,0.4396,182.5510,0.0000,0
451,246.6586,504.2989,1330.9910,0.4396,182.3470,0.0000,0
452,246.6586,504.2989,1330.9910,0.4396,182.3470,0.0000,0
453,246.6586,504.2989,1330.9910,0.4396,182.3470,0.0000,0
454,246.6586,504.2989,1330.9910,0.4396,182.3470,0.0000,0
455,246.6586,504.2989,1330.9910,0.4396,182.3470,0.0000,0
456,246.6586,504.2989,1330.9910,0.4396,182.3470,0.0000,0
457,246.6586,504.2989,1330.9910,0.4396,182.3470,0.0000,0
458,246.6586,504.2989,1330.9910,0.4396,182.3470,0.0000,0
459,246.6586,504.2989,1330.9910,0.4396,182.3470,0.0000,0
460,246.6586,504.2989,1330.9910,0.4396,182.3470,0.0000,0
461,246.6586,504.2989,1330.9910,0.4396,182.3470,0.0000,0
462,246.6586,504.2989,1330.9910,0.4396,182.3470,0.0000,0
463,246.6586,504.2989,1330.9910,0.4396,182.3470,0.0000,0
464,246.6586,504.2989,1330.9910,0.4396,182.3470,0.0000,0
465,246.6586,504.2989,1330.9910,0.4396,182.3470,0.0000,0
466,246.6586,504.2989,1330.9910,0.4396,182.3470,0.0000,0
467,246.6586,504.2989,1330.9910,0.4396,182.3470,0.0000,0
468,246.6586,504.2989,1330.9910,0.4396,182.3470,0.0000,0
469,246.6586,504.2989,1330.9910,0.4396,182.3470,0.0000,0
470,246.6586,504.2989,1330.9910,0.4396,182.3470,0.0000,0
471,246.6586,504.2989,1330.9910,0.4396,182.3470,0.0000,0
472,246.6586,504.2989,1330.9910,0.4396,182.3470,0.0000,0
473,246.6586,504.2989,1330.9910,0.4396,182.3470,0.0000,0
474,246.6586,504.2989,1330.9910,0.4396,182.3470,0.0000,0
475,246.6586,504.2989,1330.9910,0.4396,182.3470,0.0000,0
476,246.6586,504.2989,1330.9910,0.4396,182.3470,0.0000,0
477,246.6586,504.2989,1330.9910,0.4396,182.3470,0.0000,0
478,246.6586,504.2989,1330.9910,0.4396,182.3470,0.0000,0
479,246.6586,504.2989,1330.9910,0.4396,182.3470,0.0000,0
480,246.6586,504.2989,1330.9910,0.4396,182.3470,0.0000,0
481,246.6586,504.2989,1330.9910,0.4396,182.3470,0.0000,0