Frame,DownloadedTime(ms),RenderedTime(ms),RenderDelay(ms),FrameInterval(ms)
0,389.739,481.763,92.024,0.000
1,421.879,515.045,93.166,33.282
2,481.133,548.732,67.599,33.687
3,514.286,579.529,65.243,30.798
4,547.935,610.591,62.657,31.062
5,578.859,641.411,62.552,30.819
6,609.810,672.344,62.534,30.933
7,640.691,706.961,66.271,34.617
8,671.508,737.965,66.457,31.004
9,706.241,770.735,64.494,32.770
10,737.082,802.589,65.507,31.854
11,769.856,834.298,64.443,31.709
12,801.856,869.085,67.229,34.786
13,833.486,908.853,75.368,39.769
14,865.150,940.487,75.337,31.634
15,908.318,972.520,64.203,32.033
16,940.005,1004.046,64.041,31.525
17,971.978,1036.172,64.193,32.126
18,1003.500,1067.844,64.344,31.673
19,1035.625,1100.180,64.555,32.336
20,1067.342,1132.048,64.706,31.868
21,1099.637,1161.948,62.311,29.899
22,1131.518,1191.968,60.450,30.020
23,1161.506,1223.278,61.771,31.310
24,1191.411,1268.901,77.490,45.623
25,1222.754,1299.424,76.671,30.523
26,1268.368,1329.069,60.701,29.645
27,1298.568,1369.181,70.613,40.112
28,1328.306,1400.184,71.878,31.004
29,1361.968,1431.268,69.299,31.083
30,1399.272,1462.166,62.894,30.898
31,1430.634,1491.869,61.235,29.703
32,1461.628,1521.880,60.252,30.010
33,1491.346,1555.130,63.784,33.250
34,1521.187,1603.184,81.997,48.053
35,1554.495,1633.679,79.185,30.496
36,1602.649,1664.692,62.043,31.013
37,1633.145,1694.022,60.877,29.330
38,1664.112,1723.601,59.489,29.579
39,1693.472,1759.411,65.938,35.810
40,1723.037,1792.690,69.653,33.279
41,1758.763,1822.259,63.495,29.568
42,1792.117,1870.128,78.011,47.869
43,1821.401,1907.957,86.557,37.829
44,1869.672,1938.605,68.933,30.648
45,1907.480,2122.590,215.110,183.985
46,1938.037,2172.525,234.488,49.935
47,2122.121,2208.406,86.285,35.882
48,2172.063,2238.047,65.983,29.640
49,2207.891,2267.796,59.905,29.750
50,2237.507,2297.391,59.884,29.595
51,2267.275,2328.491,61.216,31.100
52,2296.398,2358.831,62.433,30.341
53,2327.743,2387.885,60.142,29.053
54,2358.355,2418.924,60.570,31.040
55,2387.427,2448.979,61.552,30.055
56,2418.462,2492.577,74.115,43.597
57,2448.511,2523.597,75.086,31.021
58,2491.904,2553.914,62.010,30.317
59,2522.954,2583.550,60.597,29.637
60,2553.246,2613.258,60.012,29.707
61,2582.990,2643.202,60.212,29.944
62,2612.734,2672.421,59.686,29.219
63,2642.708,2701.954,59.246,29.534
64,2671.841,2730.977,59.136,29.023
65,2701.477,2760.205,58.729,29.228
66,2730.377,2789.454,59.076,29.248
67,2759.678,2819.596,59.918,30.142
68,2788.758,2849.727,60.969,30.131
69,2819.140,2878.480,59.340,28.753
70,2849.101,2911.658,62.557,33.178
71,2877.717,2948.173,70.456,36.515
72,2907.443,2977.950,70.508,29.778
73,2947.691,3007.128,59.436,29.177
74,2977.435,3036.760,59.325,29.632
75,3006.502,3066.282,59.780,29.523
76,3036.192,3095.896,59.704,29.613
77,3065.742,3124.883,59.141,28.988
78,3095.360,3153.811,58.451,28.928
79,3124.240,3183.077,58.838,29.266
80,3153.373,3212.598,59.225,29.520
81,3182.569,3241.717,59.148,29.119
82,3212.154,3272.110,59.956,30.394
83,3240.805,3302.080,61.275,29.970
84,3271.595,3331.563,59.968,29.483
85,3301.632,3361.670,60.038,30.107
86,3331.081,3399.713,68.632,38.043
87,3360.896,3431.417,70.520,31.703
88,3399.141,3462.957,63.816,31.540
89,3430.860,3495.545,64.685,32.589
90,3462.413,3526.883,64.470,31.338
91,3495.078,3557.286,62.207,30.402
92,3526.377,3586.917,60.541,29.632
93,3556.696,3617.173,60.478,30.256
94,3586.400,3646.565,60.165,29.391
95,3616.693,3676.478,59.784,29.913
96,3646.065,3707.253,61.188,30.775
97,3676.020,3737.105,61.085,29.852
98,3706.773,3772.342,65.568,35.236
99,3736.519,3804.620,68.101,32.279
100,3771.716,3844.784,73.069,40.164
101,3803.762,3888.101,84.339,43.317
102,3843.917,3923.098,79.181,34.997
103,3887.652,3958.060,70.408,34.963
104,3922.604,3992.379,69.775,34.319
105,3957.537,4033.710,76.173,41.331
106,3991.847,4069.002,77.156,35.293
107,4033.136,4103.656,70.520,34.653
108,4068.568,4134.348,65.780,30.692
109,4103.130,4164.018,60.888,29.670
110,4133.855,4200.224,66.369,36.206
111,4163.474,4229.406,65.932,29.182
112,4199.595,4259.457,59.862,30.051
113,4228.877,4289.684,60.807,30.227
114,4258.489,4319.038,60.549,29.353
115,4289.257,4349.574,60.317,30.536
116,4318.507,4386.788,68.281,37.215
117,4348.774,4429.899,81.126,43.111
118,4386.286,4469.770,83.484,39.871
119,4429.480,4506.057,76.577,36.287
120,4469.289,4545.290,76.001,39.233
121,4505.623,4588.169,82.546,42.879
122,4544.883,4624.729,79.846,36.560
123,4587.701,4661.184,73.483,36.455
124,4624.222,4699.733,75.511,38.549
125,4660.684,4735.620,74.936,35.887
126,4699.312,4769.558,70.247,33.939
127,4735.196,4803.398,68.202,33.840
128,4769.040,4837.636,68.596,34.238
129,4802.842,4867.496,64.654,29.860
130,4837.149,4896.985,59.836,29.489
131,4866.661,4943.933,77.272,46.948
132,4896.120,4973.829,77.709,29.896
133,4943.492,5004.654,61.162,30.824
134,4973.202,5036.469,63.267,31.815
135,5004.171,5073.664,69.494,37.195
136,5035.855,5102.791,66.936,29.127
137,5073.117,5133.719,60.602,30.927
138,5102.294,5163.364,61.070,29.645
139,5133.193,5193.009,59.816,29.645
140,5162.912,5223.213,60.301,30.204
141,5192.383,5252.222,59.838,29.009
142,5222.644,5281.372,58.728,29.150
143,5251.715,5310.916,59.201,29.544
144,5280.806,5339.790,58.984,28.875
145,5310.411,5370.032,59.621,30.241
146,5338.946,5409.409,70.463,39.377
147,5369.153,5446.985,77.831,37.576
148,5408.722,5482.896,74.174,35.911
149,5446.412,5516.205,69.793,33.309
150,5482.364,5546.460,64.096,30.255
151,5515.613,5578.579,62.966,32.119
152,5545.937,5613.522,67.586,34.943
153,5578.042,5649.074,71.031,35.551
154,5612.988,5684.824,71.835,35.750
155,5648.626,5721.757,73.131,36.934
156,5684.388,5755.978,71.590,34.221
157,5721.347,5784.966,63.619,28.988
158,5755.436,5814.487,59.051,29.521
159,5784.433,5850.433,66.000,35.946
160,5814.059,5882.525,68.466,32.092
161,5849.746,5921.573,71.827,39.048
162,5881.616,5951.237,69.621,29.664
163,5921.117,5981.311,60.194,30.074
164,5950.730,6010.663,59.932,29.352
165,5980.829,6039.945,59.116,29.282
166,6010.105,6072.163,62.058,32.218
167,6039.419,6108.522,69.103,36.359
168,6071.714,6143.496,71.782,34.974
169,6108.075,6178.419,70.343,34.923
170,6142.967,6207.129,64.162,28.711
171,6177.761,6236.097,58.336,28.967
172,6206.499,6270.900,64.401,34.803
173,6235.533,6301.629,66.096,30.729
174,6270.402,6331.587,61.185,29.958
175,6301.157,6365.718,64.561,34.131
176,6330.908,6407.250,76.342,41.532
177,6361.684,6437.677,75.992,30.427
178,6406.729,6473.416,66.687,35.739
179,6437.201,6509.200,71.998,35.784
180,6473.006,6540.541,67.535,31.341
181,6508.566,6579.406,70.840,38.865
182,6540.130,6610.876,70.746,31.470
183,6578.816,6646.621,67.805,35.745
184,6610.396,6682.049,71.654,35.428
185,6646.228,6713.973,67.745,31.924
186,6681.590,6745.332,63.742,31.359
187,6713.494,6774.851,61.357,29.519
188,6744.785,6804.819,60.034,29.968
189,6774.286,6834.409,60.124,29.590
190,6804.365,6865.112,60.747,30.703
191,6833.717,6932.731,99.015,67.620
192,6864.401,6995.684,131.283,62.953
193,6918.181,7057.603,139.422,61.919
194,6980.718,7117.342,136.624,59.740
195,7042.979,7152.894,109.915,35.552
196,7106.796,7183.198,76.402,30.304
197,7152.263,7214.116,61.853,30.918
198,7182.742,7250.671,67.929,36.555
199,7213.659,7285.740,72.081,35.069
200,7250.227,7315.784,65.557,30.044
201,7285.259,7350.448,65.189,34.664
202,7315.329,7380.666,65.337,30.218
203,7349.844,7412.194,62.350,31.528
204,7380.176,7442.413,62.237,30.219
205,7411.642,7473.903,62.261,31.490
206,7441.797,7503.572,61.775,29.669
207,7473.477,7533.559,60.081,29.986
208,7503.033,7563.394,60.361,29.835
209,7532.994,7603.695,70.701,40.301
210,7562.837,7635.470,72.633,31.775
211,7603.208,7665.336,62.127,29.866
212,7634.981,7694.720,59.739,29.384
213,7664.781,7724.240,59.458,29.520
214,7694.095,7754.060,59.964,29.820
215,7723.731,7784.292,60.561,30.232
216,7753.530,7815.153,61.622,30.861
217,7783.827,7845.975,62.148,30.822
218,7814.609,7875.719,61.110,29.744
219,7845.441,7905.592,60.150,29.873
220,7875.128,7935.567,60.439,29.975
221,7905.026,7966.496,61.471,30.929
222,7935.051,7996.791,61.739,30.295
223,7966.036,8036.563,70.527,39.773
224,7996.114,8067.054,70.940,30.491
225,8029.302,8097.327,68.025,30.273
226,8066.598,8128.194,61.597,30.867
227,8096.844,8158.085,61.241,29.891
228,8127.614,8187.613,59.999,29.527
229,8157.543,8216.575,59.032,28.963
230,8187.026,8247.370,60.343,30.794
231,8216.045,8278.446,62.401,31.076
232,8246.881,8310.492,63.610,32.046
233,8277.823,8346.290,68.467,35.798
234,8309.831,8382.168,72.337,35.879
235,8345.759,8413.010,67.250,30.841
236,8381.726,8442.823,61.097,29.814
237,8412.437,8475.627,63.190,32.804
238,8442.330,8512.818,70.488,37.191
239,8471.962,8549.282,77.320,36.464
240,8512.271,8585.285,73.014,36.003
241,8548.694,8615.942,67.248,30.657
242,8584.682,8646.611,61.928,30.669
243,8615.488,8676.088,60.601,29.478
244,8646.000,8706.118,60.118,30.030
245,8675.557,8736.461,60.905,30.343
246,8705.616,8768.359,62.743,31.897
247,8735.949,8799.802,63.853,31.443
248,8767.813,8829.688,61.875,29.886
249,8799.253,8859.688,60.435,30.000
250,8829.215,8890.508,61.292,30.820
251,8859.215,8922.074,62.859,31.567
252,8889.966,8962.908,72.942,40.834
253,8921.604,8993.436,71.832,30.528
254,8962.414,9023.923,61.508,30.486
255,8992.879,9053.508,60.628,29.585
256,9023.409,9083.749,60.340,30.241
257,9053.013,9113.144,60.131,29.395
258,9083.243,9143.686,60.443,30.542
259,9112.632,9173.715,61.082,30.029
260,9143.178,9206.690,63.512,32.975
261,9173.252,9242.724,69.473,36.034
262,9206.269,9279.187,72.918,36.463
263,9242.295,9309.837,67.543,30.650
264,9278.550,9340.508,61.958,30.671
265,9309.344,9371.700,62.356,31.192
266,9339.942,9403.124,63.181,31.424
267,9371.194,9447.016,75.823,43.892
268,9402.673,9483.188,80.515,36.171
269,9446.615,9513.358,66.743,30.170
270,9482.648,9543.173,60.525,29.816
271,9512.830,9575.195,62.366,32.022
272,9542.581,9605.351,62.770,30.156
273,9574.693,9635.650,60.957,30.299
274,9604.705,9666.932,62.227,31.282
275,9634.979,9698.319,63.340,31.387
276,9666.327,9728.464,62.137,30.145
277,9697.722,9758.379,60.656,29.914
278,9727.783,9791.145,63.361,32.766
279,9757.855,9826.893,69.038,35.748
280,9790.676,9862.942,72.266,36.049
281,9826.388,9908.219,81.831,45.277
282,9862.438,9943.905,81.467,35.686
283,9907.794,9978.000,70.206,34.095
284,9943.470,10016.605,73.135,38.605
285,9977.507,10048.548,71.041,31.943
286,10016.105,10084.656,68.550,36.108
287,10048.114,10121.708,73.594,37.052
288,10084.094,10152.528,68.434,30.820
289,10121.143,10182.885,61.741,30.357
290,10152.048,10213.169,61.121,30.284
291,10182.399,10243.788,61.389,30.619
292,10212.544,10274.960,62.416,31.172
293,10243.328,10306.589,63.261,31.629
294,10274.531,10336.883,62.352,30.294
295,10306.032,10376.762,70.730,39.879
296,10336.395,10407.106,70.711,30.344
297,10369.698,10437.948,68.250,30.842
298,10406.559,10468.912,62.353,30.964
299,10437.315,10499.470,62.154,30.557
0,10468.446,10528.991,60.544,29.521
1,10498.943,10559.977,61.033,30.986
2,10528.420,10593.696,65.277,33.720
3,10559.295,10624.339,65.044,30.642
4,10593.130,10654.271,61.141,29.933
5,10623.800,10682.620,58.820,28.349
6,10653.788,10711.294,57.506,28.674
7,10682.180,10741.051,58.871,29.757
8,10710.790,10770.382,59.592,29.332
9,10740.564,10801.479,60.915,31.096
10,10769.744,10844.726,74.982,43.248
11,10801.017,10880.372,79.355,35.646
12,10844.144,10910.582,66.438,30.211
13,10879.843,10940.010,60.167,29.428
14,10910.121,10969.830,59.709,29.819
15,10939.499,10999.526,60.027,29.696
16,10969.194,11028.416,59.222,28.890
17,10999.026,11057.467,58.441,29.052
18,11027.785,11087.914,60.129,30.447
19,11056.913,11118.886,61.973,30.972
20,11087.424,11147.620,60.196,28.734
21,11118.442,11176.539,58.096,28.919
22,11146.959,11206.046,59.087,29.507
23,11175.937,11255.116,79.179,49.070
24,11205.314,11291.686,86.372,36.570
25,11254.684,11337.591,82.907,45.905
26,11291.236,11372.973,81.738,35.383
27,11337.072,11407.818,70.746,34.845
28,11372.459,11442.274,69.815,34.456
29,11407.303,11472.415,65.112,30.141
30,11441.787,11506.821,65.034,34.406
31,11471.860,11537.504,65.644,30.683
32,11506.286,11572.143,65.857,34.639
33,11536.985,11606.888,69.903,34.745
34,11571.603,11643.490,71.886,36.602
35,11606.404,11675.333,68.929,31.843
36,11642.918,11706.961,64.043,31.628
37,11674.830,11740.540,65.710,33.579
38,11706.309,11771.550,65.241,31.010
39,11739.968,11802.808,62.841,31.259
40,11771.011,11842.947,71.937,40.139
41,11802.332,11872.550,70.218,29.603
42,11842.433,11902.577,60.144,30.027
43,11872.074,11937.360,65.286,34.783
44,11902.079,11973.564,71.485,36.205
45,11936.315,12009.771,73.456,36.207
46,11973.078,12039.986,66.908,30.215
47,12009.334,12068.961,59.627,28.975
48,12039.429,12098.486,59.058,29.525
49,12068.472,12127.710,59.238,29.224
50,12097.791,12157.659,59.868,29.949
51,12127.185,12188.349,61.165,30.690
52,12157.185,12218.252,61.066,29.902
53,12187.861,12250.642,62.781,32.390
54,12217.748,12282.095,64.347,31.453
55,12250.063,12322.220,72.158,40.125
56,12281.360,12352.071,70.712,29.851
57,12321.757,12381.979,60.222,29.907
58,12351.587,12412.398,60.812,30.420
59,12381.269,12448.193,66.924,35.795
60,12411.941,12477.097,65.156,28.904
61,12447.583,12506.138,58.555,29.041
62,12476.574,12535.952,59.378,29.814
63,12505.580,12566.068,60.488,30.117
64,12535.449,12600.987,65.538,34.919
65,12565.530,12630.965,65.435,29.978
66,12600.466,12661.492,61.026,30.527
67,12630.290,12690.264,59.973,28.771
68,12660.984,12722.640,61.656,32.377
69,12689.697,12760.150,70.453,37.509
70,12722.139,12802.302,80.163,42.153
71,12759.637,12836.263,76.626,33.960
72,12794.112,12868.013,73.901,31.751
73,12835.284,12897.623,62.339,29.610
74,12867.476,12932.171,64.695,34.547
75,12897.052,12961.882,64.831,29.712
76,12931.597,12991.711,60.114,29.829
77,12961.344,13028.186,66.842,36.475
78,12991.190,13057.684,66.494,29.498
79,13027.699,13095.925,68.227,38.242
80,13057.156,13124.531,67.375,28.606
81,13095.250,13163.411,68.160,38.880
82,13123.999,13192.717,68.718,29.306
83,13162.519,13223.492,60.973,30.776
84,13192.189,13262.457,70.268,38.965
85,13223.019,13293.611,70.592,31.153
86,13261.980,13331.899,69.919,38.288
87,13293.013,13361.961,68.948,30.062
88,13331.323,13392.963,61.639,31.002
89,13361.369,13428.318,66.949,35.355
90,13392.442,13458.966,66.523,30.647
91,13427.767,13489.597,61.830,30.632
92,13458.432,13529.285,70.853,39.687
93,13489.024,13559.054,70.029,29.769
94,13528.767,13592.940,64.173,33.886
95,13558.560,13623.555,64.995,30.615
96,13592.475,13656.374,63.899,32.820
97,13622.959,13698.529,75.570,42.155
98,13655.856,13730.433,74.578,31.904
99,13697.986,13767.262,69.276,36.828
100,13729.939,13798.937,68.998,31.675
101,13766.808,13851.796,84.988,52.859
102,13798.378,13914.019,115.641,62.223
103,13837.536,13983.356,145.821,69.338
104,13900.823,14051.826,151.002,68.469
105,13968.647,14101.103,132.456,49.277
106,14033.905,14136.813,102.909,35.710
107,14100.503,14168.398,67.895,31.585
108,14136.248,14199.886,63.638,31.488
109,14167.767,14228.738,60.971,28.851
110,14199.305,14260.494,61.189,31.756
111,14228.171,14295.380,67.209,34.886
112,14259.966,14330.884,70.918,35.504
113,14294.852,14360.911,66.059,30.027
114,14330.427,14393.122,62.695,32.211
115,14360.390,14428.232,67.843,35.110
116,14392.548,14464.496,71.948,36.264
117,14427.732,14494.949,67.218,30.453
118,14463.943,14525.088,61.145,30.138
119,14494.457,14558.338,63.881,33.251
120,14524.646,14592.947,68.302,34.609
121,14554.683,14629.777,75.094,36.830
122,14592.472,14660.278,67.805,30.501
123,14629.283,14691.794,62.511,31.516
124,14659.610,14722.808,63.198,31.014
125,14691.202,14753.481,62.279,30.673
126,14722.259,14788.461,66.201,34.980
127,14752.980,14817.473,64.493,29.013
128,14787.929,14846.965,59.035,29.492
129,14816.794,14876.130,59.336,29.165
130,14846.410,14905.958,59.548,29.827
131,14875.567,14940.776,65.209,34.819
132,14905.394,14971.566,66.173,30.790
133,14940.180,15002.793,62.613,31.227
134,14971.076,15044.052,72.976,41.259
135,15002.235,15076.753,74.518,32.701
136,15036.939,15112.043,75.103,35.289
137,15076.282,15141.733,65.451,29.690
138,15111.529,15171.611,60.082,29.879
139,15141.188,15201.642,60.454,30.030
140,15170.983,15231.892,60.909,30.251
141,15201.116,15267.574,66.457,35.681
142,15231.394,15297.719,66.325,30.145
143,15267.063,15328.834,61.771,31.115
144,15297.227,15358.870,61.643,30.037
145,15328.326,15391.338,63.012,32.468
146,15358.362,15427.722,69.360,36.385
147,15390.855,15459.052,68.196,31.329
148,15427.230,15492.368,65.138,33.316
149,15458.559,15529.396,70.836,37.028
150,15488.776,15560.482,71.707,31.086
151,15528.811,15596.493,67.682,36.011
152,15559.950,15627.943,67.993,31.449
153,15595.932,15663.443,67.511,35.500
154,15627.427,15693.458,66.030,30.014
155,15662.929,15725.132,62.203,31.674
156,15692.820,15762.276,69.455,37.144
157,15724.661,15793.349,68.688,31.074
158,15761.772,15824.400,62.628,31.050
159,15792.778,15855.103,62.325,30.703
160,15823.907,15885.195,61.288,30.092
161,15854.605,15922.582,67.976,37.387
162,15884.566,15956.781,72.215,34.199
163,15922.034,15996.163,74.129,39.382
164,15956.268,16026.994,70.727,30.832
165,15989.212,16058.494,69.282,31.500
166,16026.512,16095.191,68.679,36.697
167,16057.968,16128.096,70.128,32.904
168,16094.675,16161.453,66.778,33.358
169,16127.577,16194.535,66.957,33.081
170,16160.929,16225.394,64.465,30.859
171,16194.089,16262.810,68.722,37.417
172,16224.859,16293.874,69.015,31.063
173,16262.331,16327.171,64.840,33.297
174,16293.379,16358.266,64.886,31.095
175,16326.639,16391.052,64.413,32.786
176,16357.674,16434.334,76.660,43.282
177,16390.612,16466.072,75.460,31.738
178,16433.776,16505.231,71.455,39.159
179,16465.541,16537.230,71.689,31.999
180,16504.575,16567.563,62.988,30.333
181,16536.737,16605.718,68.981,38.154
182,16567.005,16637.004,69.999,31.287
183,16605.224,16675.019,69.795,38.015
184,16636.486,16707.885,71.399,32.866
185,16674.362,16739.480,65.118,31.594
186,16707.378,16777.096,69.718,37.616
187,16738.907,16808.959,70.051,31.863
188,16776.603,16841.072,64.469,32.113
189,16808.504,16872.013,63.509,30.941
190,16840.584,16903.906,63.322,31.893
191,16871.525,16940.020,68.495,36.114
192,16903.438,16970.709,67.271,30.688
193,16939.486,17015.171,75.685,44.462
194,16970.139,17045.992,75.852,30.821
195,17014.658,17077.280,62.622,31.289
196,17045.455,17113.463,68.008,36.183
197,17076.780,17145.615,68.835,32.151
198,17112.927,17176.583,63.656,30.968
199,17145.086,17207.705,62.619,31.122
200,17176.040,17237.830,61.790,30.125
201,17207.161,17274.176,67.015,36.346
202,17237.285,17305.561,68.275,31.385
203,17273.646,17338.739,65.093,33.178
204,17304.580,17370.788,66.208,32.048
205,17338.192,17402.786,64.594,31.999
206,17370.259,17440.863,70.604,38.077
207,17402.306,17482.662,80.356,41.799
208,17440.398,17515.317,74.919,32.655
209,17476.069,17547.291,71.222,31.974
210,17514.783,17579.252,64.470,31.961
211,17546.609,17615.630,69.020,36.377
212,17578.688,17646.155,67.467,30.525
213,17615.072,17677.598,62.525,31.443
214,17645.614,17708.160,62.546,30.563
215,17677.067,17738.875,61.809,30.715
216,17707.632,17775.725,68.093,36.850
217,17738.370,17807.141,68.770,31.415
218,17775.229,17840.505,65.276,33.364
219,17806.603,17872.940,66.337,32.436
220,17840.031,17907.697,67.667,34.757
221,17872.488,17945.109,72.621,37.412
222,17907.262,17984.244,76.981,39.134
223,17944.635,18015.897,71.262,31.654
224,17983.689,18048.133,64.444,32.235
225,18015.360,18081.359,65.999,33.226
226,18047.600,18118.778,71.178,37.419
227,18080.786,18151.621,70.835,32.843
228,18118.272,18184.255,65.983,32.634
229,18151.144,18217.438,66.294,33.182
230,18183.706,18249.828,66.122,32.390
231,18216.899,18286.625,69.726,36.798
232,18249.380,18318.436,69.056,31.811
233,18285.966,18351.748,65.782,33.311
234,18317.819,18383.004,65.185,31.257
235,18351.229,18414.278,63.049,31.274
236,18382.316,18463.142,80.827,48.864
237,18413.741,18495.710,81.970,32.568
238,18456.504,18528.792,72.289,33.082
239,18495.169,18559.366,64.197,30.573
240,18528.325,18593.085,64.760,33.719
241,18558.869,18631.401,72.532,38.316
242,18592.623,18664.829,72.206,33.428
243,18630.943,18695.968,65.024,31.139
244,18664.334,18729.875,65.541,33.908
245,18695.464,18762.521,67.057,32.645
246,18729.388,18800.320,70.932,37.799
247,18762.000,18832.217,70.217,31.897
248,18799.791,18866.576,66.785,34.359
249,18831.620,18898.889,67.269,32.312
250,18865.935,18931.558,65.622,32.669
251,18898.292,18975.629,77.336,44.071
252,18931.096,19007.837,76.741,32.208
253,18975.088,19040.962,65.874,33.126
254,19007.378,19073.767,66.388,32.804
255,19040.443,19106.779,66.336,33.012
256,19073.263,19145.874,72.611,39.095
257,19106.232,19178.404,72.172,32.530
258,19145.393,19210.356,64.963,31.952
259,19177.840,19242.541,64.701,32.185
260,19209.835,19276.352,66.516,33.811
261,19241.961,19313.623,71.662,37.271
262,19275.882,19346.323,70.440,32.700
263,19313.170,19376.605,63.435,30.283
264,19345.760,19408.604,62.844,31.998
265,19376.027,19448.983,72.956,40.379
266,19408.013,19487.305,79.292,38.322
267,19442.252,19518.361,76.109,31.055
268,19486.828,19551.181,64.353,32.820
269,19517.318,19583.331,66.013,32.150
270,19550.546,19617.471,66.925,34.140
271,19582.844,19654.157,71.313,36.686
272,19616.981,19684.278,67.296,30.121
273,19653.547,19717.129,63.582,32.851
274,19683.686,19749.524,65.838,32.395
275,19716.525,19784.558,68.033,35.034
276,19748.861,19824.494,75.634,39.936
277,19784.046,19858.059,74.013,33.564
278,19823.998,19891.020,67.022,32.961
279,19857.474,19923.161,65.688,32.142
280,19890.472,19964.001,73.529,40.840
281,19922.495,20002.378,79.883,38.377
282,19963.487,20034.153,70.666,31.775
283,20001.898,20067.010,65.112,32.857
284,20033.625,20100.078,66.453,33.068
285,20066.389,20131.759,65.371,31.682
286,20099.519,20168.390,68.871,36.630
287,20131.191,20200.724,69.533,32.334
288,20167.683,20233.216,65.533,32.492
289,20200.214,20265.889,65.675,32.673
290,20232.707,20298.607,65.901,32.718
291,20265.378,20336.780,71.403,38.173
292,20298.090,20368.743,70.653,31.963
293,20336.313,20401.709,65.396,32.966
294,20368.200,20437.849,69.649,36.140
295,20401.218,20475.850,74.632,38.002
296,20434.160,20513.354,79.194,37.504
297,20475.335,20544.186,68.850,30.831
298,20512.861,20577.234,64.373,33.048
299,20543.702,20610.594,66.892,33.361
0,20576.730,20642.942,66.212,32.348
1,20610.013,20679.699,69.686,36.757
2,20642.485,20710.693,68.208,30.994
3,20679.268,20742.449,63.182,31.757
4,20710.271,20772.463,62.192,30.013
5,20741.984,20804.376,62.392,31.913
6,20771.765,20841.751,69.986,37.375
7,20803.827,20871.100,67.273,29.349
8,20840.699,20900.325,59.627,29.225
9,20870.399,20931.471,61.072,31.145
10,20899.760,21001.675,101.916,70.205
11,20931.041,21072.316,141.275,70.640
12,20984.686,21137.771,153.084,65.455
13,21056.343,21201.153,144.810,63.383
14,21123.729,21244.085,120.355,42.932
15,21189.340,21275.870,86.530,31.785
16,21243.572,21307.908,64.336,32.038
17,21275.385,21341.104,65.718,33.196
18,21307.305,21376.920,69.615,35.817
19,21340.453,21406.846,66.393,29.925
20,21376.392,21436.240,59.848,29.394
21,21406.283,21468.882,62.599,32.642
22,21435.747,21501.125,65.379,32.243
23,21468.359,21537.657,69.298,36.532
24,21500.688,21569.313,68.625,31.656
25,21537.140,21600.764,63.624,31.451
26,21568.851,21631.535,62.684,30.771
27,21600.209,21661.661,61.452,30.126
28,21630.941,21710.369,79.428,48.708
29,21661.215,21743.079,81.865,32.710
30,21703.733,21775.721,71.988,32.642
31,21742.573,21807.003,64.430,31.282
32,21775.157,21837.371,62.214,30.368
33,21806.409,21872.937,66.527,35.565
34,21836.812,21904.617,67.805,31.680
35,21872.394,21939.906,67.512,35.289
36,21904.100,21970.468,66.368,30.562
37,21939.415,21999.936,60.522,29.468
38,21969.975,22034.993,65.018,35.057
39,21999.401,22065.820,66.418,30.827
40,22034.413,22095.653,61.240,29.833
41,22065.285,22125.194,59.908,29.540
42,22095.095,22155.719,60.624,30.525
43,22124.594,22198.909,74.314,43.190
44,22155.158,22231.340,76.181,32.431
45,22198.360,22262.877,64.517,31.538
46,22230.765,22291.511,60.746,28.634
47,22262.378,22320.391,58.013,28.880
48,22290.906,22355.286,64.380,34.895
49,22319.832,22387.235,67.402,31.949
50,22354.737,22417.936,63.199,30.701
51,22386.748,22448.768,62.020,30.832
52,22417.369,22481.947,64.578,33.179
53,22448.234,22517.165,68.931,35.218
54,22481.505,22548.600,67.095,31.435
55,22516.597,22580.170,63.573,31.570
56,22548.035,22611.716,63.681,31.546
57,22579.615,22652.067,72.452,40.351
58,22611.160,22688.793,77.633,36.726
59,22646.149,22720.035,73.885,31.242
60,22688.288,22750.683,62.395,30.648
61,22719.497,22781.392,61.896,30.710
62,22750.105,22811.682,61.577,30.290
63,22780.860,22846.938,66.078,35.256
64,22811.186,22879.447,68.261,32.509
65,22846.393,22911.279,64.887,31.832
66,22878.916,22944.016,65.100,32.736
67,22910.764,22975.099,64.335,31.083
68,22943.493,23011.393,67.900,36.294
69,22974.542,23041.501,66.958,30.108
70,23010.870,23071.997,61.128,30.497
71,23040.817,23104.090,63.273,32.093
72,23071.460,23143.736,72.277,39.646
73,23103.542,23179.403,75.861,35.667
74,23143.264,23209.823,66.559,30.420
75,23178.933,23240.621,61.688,30.798
76,23209.299,23272.672,63.374,32.051
77,23239.998,23303.743,63.745,31.071
78,23272.143,23339.800,67.657,36.057
79,23303.239,23371.831,68.592,32.031
80,23339.179,23403.449,64.270,31.618
81,23371.315,23434.985,63.670,31.535
82,23402.908,23467.128,64.220,32.144
83,23434.481,23503.625,69.144,36.496
84,23466.611,23562.516,95.905,58.891
85,23503.136,23596.473,93.337,33.958
86,23561.965,23629.115,67.150,32.641
87,23596.017,23669.591,73.574,40.476
88,23625.459,23699.311,73.852,29.719
89,23669.095,23730.254,61.159,30.943
90,23698.741,23760.672,61.931,30.418
91,23729.748,23790.982,61.234,30.309
92,23760.015,23827.590,67.575,36.609
93,23790.459,23857.077,66.617,29.486
94,23827.132,23887.329,60.197,30.252
95,23856.464,23917.925,61.461,30.596
96,23886.812,23947.662,60.850,29.737
97,23917.386,23983.518,66.133,35.856
98,23947.220,24013.629,66.409,30.111
99,23983.059,24044.050,60.991,30.420
100,24013.134,24074.072,60.938,30.022
101,24043.567,24106.002,62.435,31.930
102,24073.333,24150.505,77.172,44.503
103,24105.478,24182.933,77.455,32.429
104,24149.920,24214.671,64.751,31.737
105,24182.427,24245.171,62.744,30.500
106,24214.102,24275.318,61.216,30.147
107,24244.684,24311.425,66.740,36.107
108,24274.620,24343.791,69.171,32.366
109,24310.945,24376.843,65.898,33.052
110,24342.754,24409.067,66.313,32.224
111,24376.307,24439.401,63.094,30.334
112,24408.530,24474.354,65.823,34.953
113,24438.831,24504.500,65.669,30.146
114,24473.737,24535.669,61.931,31.169
115,24503.959,24568.419,64.460,32.750
116,24535.074,24602.637,67.563,34.218
117,24567.877,24644.090,76.213,41.453
118,24599.090,24674.433,75.343,30.344
119,24643.543,24703.845,60.302,29.411
120,24673.807,24733.004,59.197,29.159
121,24703.215,24762.556,59.341,29.551
122,24732.468,24799.942,67.473,37.386
123,24762.003,24830.480,68.477,30.539
124,24799.402,24861.091,61.689,30.611
125,24829.872,24890.715,60.843,29.624
126,24860.424,24921.137,60.713,30.422
127,24890.236,24957.108,66.871,35.970
128,24920.656,24987.184,66.528,30.076
129,24956.499,25018.610,62.111,31.426
130,24986.653,25049.385,62.732,30.775
131,25018.082,25079.515,61.432,30.130
132,25048.850,25124.798,75.948,45.283
133,25078.993,25154.932,75.939,30.134
134,25124.171,25185.967,61.796,31.036
135,25154.392,25218.341,63.949,32.373
136,25185.439,25248.462,63.023,30.122
137,25217.827,25285.100,67.273,36.638
138,25247.903,25315.676,67.774,30.576
139,25284.573,25346.159,61.586,30.482
140,25315.087,25377.368,62.281,31.209
141,25345.613,25408.024,62.412,30.656
142,25376.787,25444.253,67.465,36.228
143,25407.530,25474.974,67.444,30.721
144,25443.742,25505.385,61.642,30.410
145,25474.345,25535.806,61.461,30.421
146,25504.899,25566.239,61.339,30.433
147,25535.285,25610.262,74.977,44.023
148,25565.470,25642.136,76.666,31.874
149,25609.769,25673.356,63.587,31.220
150,25641.544,25705.546,64.002,32.190
151,25672.805,25736.857,64.052,31.311
152,25704.811,25772.463,67.652,35.606
153,25736.381,25802.725,66.344,30.262
154,25771.954,25833.378,61.424,30.653
155,25802.197,25864.411,62.214,31.033
156,25832.779,25893.741,60.963,29.330
157,25863.873,25929.202,65.330,35.461
158,25893.109,25958.288,65.179,29.085
159,25928.688,25989.585,60.897,31.297
160,25957.718,26019.623,61.905,30.038
161,25989.011,26054.337,65.326,34.715
162,26019.058,26095.011,75.953,40.674
163,26050.722,26127.812,77.091,32.801
164,26094.412,26159.534,65.122,31.721
165,26127.310,26190.954,63.644,31.420
166,26158.949,26222.232,63.283,31.278
167,26190.409,26258.532,68.123,36.300
168,26221.732,26289.260,67.528,30.728
169,26257.951,26319.021,61.070,29.761
170,26288.789,26349.940,61.152,30.919
171,26318.517,26380.838,62.320,30.898
172,26349.380,26415.471,66.090,34.633
173,26380.360,26447.268,66.909,31.798
174,26414.915,26477.332,62.417,30.063
175,26446.702,26507.883,61.181,30.551
176,26476.828,26544.053,67.225,36.170
177,26507.382,26588.067,80.685,44.014
178,26540.399,26618.354,77.956,30.287
179,26587.591,26648.859,61.268,30.505
180,26617.765,26680.303,62.539,31.444
181,26648.317,26711.724,63.408,31.421
182,26679.709,26748.131,68.422,36.407
183,26711.237,26779.136,67.899,31.005
184,26747.639,26811.164,63.524,32.028
185,26778.566,26842.098,63.532,30.934
186,26810.656,26870.936,60.279,28.838
187,26841.547,26907.203,65.657,36.267
188,26870.424,26937.248,66.824,30.045
189,26906.744,26966.743,59.998,29.495
190,26936.696,26997.251,60.555,30.508
191,26966.177,27027.755,61.578,30.505
192,26996.617,27072.596,75.979,44.840
193,27027.198,27103.957,76.759,31.361
194,27072.045,27134.933,62.888,30.976
195,27103.470,27165.754,62.284,30.821
196,27134.330,27197.264,62.934,31.509
197,27165.258,27233.551,68.293,36.287
198,27196.740,27264.520,67.781,30.969
199,27233.034,27296.354,63.320,31.834
200,27263.997,27327.326,63.329,30.972
201,27295.816,27360.111,64.295,32.785
202,27326.783,27396.475,69.692,36.364
203,27359.529,27427.213,67.683,30.738
204,27395.962,27460.137,64.175,32.925
205,27426.569,27492.000,65.431,31.862
206,27459.591,27528.169,68.578,36.169
207,27491.162,27600.647,109.485,72.478
208,27522.337,27663.783,141.446,63.136
209,27586.204,27729.933,143.729,66.150
210,27648.103,27796.476,148.373,66.543
211,27713.255,27829.066,115.811,32.590
212,27785.730,27860.810,75.080,31.744
213,27828.060,27892.991,64.931,32.181
214,27860.187,27929.512,69.325,36.521
215,27892.508,27959.832,67.324,30.320
216,27929.009,27991.711,62.702,31.879
217,27959.318,28022.797,63.478,31.086
218,27991.167,28055.532,64.365,32.735
219,28022.248,28090.908,68.660,35.376
220,28055.041,28121.565,66.523,30.657
221,28090.364,28152.296,61.932,30.731
222,28120.936,28183.422,62.486,31.127
223,28151.625,28215.394,63.770,31.972
224,28182.902,28263.052,80.150,47.658
225,28214.887,28293.617,78.730,30.565
226,28255.537,28325.860,70.323,32.243
227,28292.853,28356.895,64.042,31.035
228,28325.297,28386.855,61.558,29.960
229,28356.354,28421.139,64.785,34.284
230,28386.309,28453.597,67.288,32.458
231,28420.644,28485.539,64.895,31.942
232,28453.041,28517.467,64.426,31.928
233,28484.907,28549.776,64.870,32.310
234,28516.730,28587.258,70.528,37.481
235,28549.252,28619.190,69.938,31.932
236,28586.726,28651.420,64.694,32.230
237,28618.648,28683.267,64.620,31.848
238,28650.838,28725.952,75.114,42.685
239,28682.689,28762.782,80.093,36.830
240,28718.499,28792.937,74.437,30.154
241,28762.214,28823.693,61.479,30.757
242,28792.401,28855.740,63.340,32.047
243,28823.185,28886.807,63.622,31.067
244,28855.160,28923.413,68.253,36.606
245,28886.181,28955.009,68.828,31.596
246,28922.969,28986.803,63.833,31.794
247,28954.492,29017.819,63.327,31.017
248,28986.229,29049.535,63.307,31.716
249,29017.346,29085.650,68.304,36.114
250,29048.951,29116.820,67.869,31.170
251,29085.129,29148.739,63.610,31.919
252,29116.259,29188.985,72.726,40.246
253,29148.230,29220.049,71.819,31.064
254,29182.590,29257.469,74.880,37.421
255,29219.585,29288.544,68.959,31.075
256,29256.978,29319.665,62.687,31.120
257,29287.982,29350.955,62.972,31.290
258,29319.122,29382.719,63.596,31.764
259,29350.482,29418.576,68.094,35.857
260,29382.097,29449.503,67.407,30.927
261,29418.102,29480.287,62.185,30.784
262,29448.970,29510.946,61.976,30.659
263,29479.712,29543.449,63.737,32.503
264,29510.388,29579.835,69.447,36.386
265,29542.875,29611.291,68.417,31.456
266,29579.307,29645.747,66.440,34.456
267,29610.800,29681.406,70.607,35.659
268,29642.019,29713.675,71.655,32.269
269,29680.869,29749.390,68.521,35.716
270,29713.154,29780.122,66.968,30.732
271,29748.888,29810.705,61.817,30.583
272,29779.470,29842.639,63.169,31.933
273,29810.204,29873.373,63.170,30.735
274,29842.177,29909.949,67.772,36.575
275,29872.835,29941.482,68.646,31.533
276,29909.405,29973.143,63.738,31.661
277,29940.843,30005.754,64.911,32.611
278,29972.628,30039.592,66.964,33.837
279,30005.234,30077.460,72.226,37.868
280,30039.103,30108.935,69.832,31.475
281,30076.836,30150.088,73.252,41.153
282,30108.344,30180.747,72.404,30.659
283,30149.528,30211.272,61.744,30.525
284,30180.114,30249.705,69.591,38.433
285,30210.671,30280.998,70.327,31.293
286,30249.064,30314.562,65.498,33.564
287,30280.362,30346.068,65.706,31.506
288,30313.961,30376.521,62.560,30.453
289,30345.369,30413.202,67.833,36.681
290,30376.025,30444.767,68.742,31.565
291,30412.533,30475.813,63.280,31.046
292,30444.245,30508.776,64.531,32.963
293,30475.313,30540.825,65.512,32.048
294,30508.259,30577.551,69.292,36.726
295,30540.297,30618.166,77.869,40.615
296,30577.050,30650.702,73.652,32.536
297,30611.184,30684.296,73.112,33.594
298,30650.125,30716.362,66.237,32.066
299,30683.734,30753.935,70.201,37.573
0,30715.861,30783.954,68.093,30.020
1,30753.407,30814.916,61.509,30.962
2,30783.424,30844.958,61.535,30.042
3,30814.429,30875.157,60.728,30.199
4,30844.335,30912.061,67.726,36.904
5,30874.617,30942.084,67.467,30.024
6,30911.494,30973.139,61.645,31.055
7,30941.553,31004.166,62.613,31.027
8,30972.520,31034.182,61.661,30.015
9,31003.647,31069.704,66.057,35.522
10,31033.681,31108.073,74.393,38.370
11,31069.244,31139.368,70.124,31.295
12,31107.535,31169.541,62.006,30.173
13,31138.876,31199.696,60.820,30.155
14,31168.844,31234.290,65.446,34.594
15,31199.166,31264.152,64.986,29.862
16,31233.732,31293.907,60.175,29.755
17,31263.610,31324.396,60.786,30.489
18,31293.381,31355.087,61.706,30.691
19,31323.864,31389.818,65.954,34.731
20,31354.654,31419.888,65.234,30.070
21,31389.302,31449.887,60.585,29.998
22,31419.373,31479.692,60.319,29.805
23,31449.306,31510.869,61.564,31.178
24,31479.187,31547.432,68.245,36.563
25,31510.377,31587.093,76.716,39.661
26,31546.907,31617.567,70.660,30.475
27,31586.602,31647.735,61.133,30.168
28,31616.983,31679.407,62.423,31.672
29,31647.189,31714.224,67.035,34.817
30,31678.890,31743.959,65.070,29.736
31,31713.700,31775.314,61.614,31.355
32,31743.296,31807.669,64.373,32.355
33,31774.868,31839.749,64.881,32.080
34,31807.203,31875.903,68.699,36.154
35,31839.278,31906.917,67.639,31.014
36,31875.390,31936.840,61.451,29.924
37,31906.383,31965.810,59.427,28.970
38,31936.263,31994.891,58.628,29.080
39,31965.217,32030.917,65.700,36.027
40,31994.378,32070.301,75.923,39.383
41,32030.368,32099.695,69.327,29.394
42,32069.808,32130.464,60.656,30.769
43,32099.128,32160.516,61.387,30.051
44,32129.844,32195.229,65.385,34.714
45,32160.025,32226.215,66.190,30.986
46,32194.694,32256.617,61.923,30.401
47,32225.710,32285.964,60.254,29.347
48,32256.123,32317.750,61.627,31.786
49,32285.333,32353.641,68.308,35.891
50,32317.276,32384.684,67.408,31.043
51,32353.018,32415.313,62.295,30.628
52,32384.125,32447.290,63.165,31.977
53,32414.725,32477.704,62.980,30.414
54,32446.757,32513.088,66.331,35.384
55,32477.160,32551.599,74.438,38.511
56,32512.549,32584.541,71.992,32.942
57,32550.970,32615.451,64.481,30.910
58,32584.053,32647.628,63.575,32.177
59,32614.889,32683.979,69.090,36.351
60,32647.080,32714.457,67.377,30.478
61,32683.427,32744.857,61.430,30.400
62,32713.787,32774.862,61.074,30.005
63,32744.361,32805.988,61.627,31.126
64,32774.344,32841.958,67.614,35.970
65,32805.484,32873.513,68.029,31.555
66,32841.454,32905.138,63.684,31.626
67,32872.968,32935.630,62.662,30.491
68,32904.529,32966.213,61.684,30.583
69,32935.109,33002.623,67.514,36.410
70,32965.733,33041.471,75.738,38.848
71,33002.050,33072.694,70.644,31.223
72,33040.962,33105.289,64.326,32.595
73,33072.134,33138.096,65.962,32.807
74,33104.789,33173.489,68.700,35.393
75,33137.597,33204.942,67.346,31.453
76,33172.973,33236.642,63.670,31.700
77,33204.448,33266.954,62.507,30.312
78,33236.089,33297.718,61.629,30.763
79,33266.489,33335.234,68.745,37.517
80,33297.195,33367.173,69.978,31.939
81,33334.765,33400.013,65.248,32.840
82,33366.544,33431.362,64.818,31.349
83,33399.429,33460.492,61.063,29.129
84,33430.838,33495.702,64.864,35.210
85,33459.994,33535.798,75.805,40.096
86,33495.233,33567.147,71.914,31.348
87,33528.917,33599.223,70.307,32.077
88,33566.610,33629.553,62.943,30.330
89,33598.613,33664.652,66.039,35.099
90,33628.920,33695.332,66.413,30.680
91,33664.110,33727.130,63.020,31.798
92,33694.845,33756.178,61.334,29.048
93,33726.631,33786.760,60.128,30.581
94,33755.664,33821.331,65.667,34.571
95,33786.259,33849.672,63.413,28.341
96,33820.832,33879.429,58.596,29.757
97,33849.064,33908.105,59.040,28.676
98,33878.905,33936.770,57.865,28.666
99,33907.594,33971.627,64.032,34.856
100,33936.289,34005.059,68.770,33.432
101,33971.176,34039.803,68.626,34.744
102,34001.524,34069.033,67.508,29.230
103,34039.299,34098.560,59.261,29.527
104,34068.465,34133.579,65.113,35.019
105,34098.044,34162.811,64.768,29.232
106,34133.037,34192.099,59.062,29.288
107,34162.246,34223.326,61.080,31.227
108,34191.593,34253.007,61.415,29.681
109,34222.823,34287.469,64.646,34.462
110,34252.519,34316.192,63.672,28.722
111,34286.958,34345.762,58.804,29.571
112,34315.670,34376.654,60.985,30.892
113,34345.282,34407.471,62.189,30.817
114,34376.107,34444.114,68.006,36.642
115,34406.989,34474.635,67.645,30.521
116,34443.578,34545.202,101.625,70.568
117,34474.179,34607.950,133.771,62.748
118,34529.702,34676.230,146.529,68.280
119,34592.290,34740.225,147.935,63.994
120,34660.722,34776.605,115.883,36.380
121,34727.234,34813.153,85.919,36.548
122,34775.987,34843.713,67.726,30.560
123,34812.634,34874.585,61.951,30.872
124,34843.108,34905.317,62.209,30.732
125,34874.065,34936.178,62.113,30.862
126,34904.701,34971.618,66.917,35.440
127,34935.685,35001.608,65.924,29.991
128,34971.124,35030.649,59.525,29.041
129,35001.077,35060.529,59.452,29.879
130,35030.200,35091.072,60.872,30.543
131,35060.059,35127.445,67.385,36.373
132,35090.642,35158.259,67.617,30.814
133,35126.874,35188.607,61.732,30.348
134,35157.759,35230.024,72.265,41.417
135,35188.090,35260.389,72.299,30.365
136,35222.215,35296.027,73.812,35.638
137,35259.867,35328.285,68.417,32.258
138,35295.492,35358.862,63.370,30.577
139,35327.698,35389.561,61.863,30.699
140,35358.398,35420.408,62.010,30.848
141,35388.997,35456.308,67.311,35.900
142,35419.960,35486.847,66.887,30.539
143,35455.801,35516.779,60.978,29.932
144,35486.380,35548.867,62.488,32.089
145,35516.160,35579.671,63.511,30.803
146,35548.281,35615.318,67.038,35.648
147,35579.120,35646.232,67.112,30.914
148,35614.862,35678.889,64.027,32.656
149,35645.634,35717.908,72.273,39.019
150,35678.316,35748.721,70.405,30.813
151,35717.277,35785.348,68.070,36.627
152,35748.218,35814.851,66.633,29.504
153,35784.723,35844.588,59.865,29.737
154,35814.357,35873.772,59.415,29.183
155,35844.077,35903.409,59.332,29.637
156,35873.321,35938.923,65.603,35.515
157,35902.787,35970.043,67.256,31.119
158,35938.375,36000.602,62.226,30.559
159,35969.466,36031.628,62.162,31.027
160,36000.011,36062.864,62.853,31.236
161,36031.051,36098.786,67.735,35.922
162,36062.356,36130.105,67.749,31.319
163,36098.192,36169.599,71.408,39.494
164,36129.609,36201.729,72.120,32.130
165,36169.119,36232.877,63.758,31.148
166,36201.173,36269.182,68.009,36.305
167,36232.401,36300.197,67.795,31.014
168,36268.599,36331.176,62.578,30.980
169,36299.640,36361.993,62.353,30.817
170,36330.624,36393.107,62.482,31.113
171,36361.432,36428.609,67.177,35.502
172,36392.631,36458.997,66.366,30.389
173,36428.088,36489.411,61.323,30.413
174,36458.445,36519.927,61.481,30.516
175,36488.864,36550.773,61.909,30.846
176,36519.308,36586.704,67.396,35.931
177,36550.101,36620.305,70.204,33.601
178,36586.108,36659.281,73.173,38.976
179,36616.704,36689.713,73.010,30.433
180,36658.748,36720.097,61.349,30.383
181,36689.134,36756.369,67.236,36.272
182,36719.513,36786.792,67.279,30.423
183,36755.755,36815.878,60.122,29.085
184,36786.267,36846.407,60.140,30.529
185,36815.335,36878.028,62.693,31.621
186,36845.874,36914.017,68.143,35.989
187,36877.515,36945.109,67.594,31.092
188,36913.500,36976.131,62.630,31.022
189,36944.557,37005.555,60.998,29.425
190,36975.602,37034.755,59.152,29.199
191,37004.976,37069.952,64.976,35.198
192,37034.152,37110.324,76.173,40.372
193,37069.301,37141.404,72.103,31.079
194,37103.660,37171.780,68.120,30.376
195,37140.904,37202.545,61.641,30.765
196,37171.324,37237.164,65.841,34.620
197,37202.011,37267.085,65.074,29.921
198,37236.563,37297.695,61.132,30.610
199,37266.432,37329.005,62.573,31.311
200,37297.076,37361.166,64.090,32.161
201,37328.473,37396.839,68.366,35.673
202,37360.686,37427.599,66.913,30.760
203,37396.283,37459.619,63.336,32.020
204,37427.061,37489.912,62.850,30.293
205,37459.139,37519.309,60.171,29.397
206,37489.392,37559.169,69.777,39.860
207,37518.787,37593.934,75.147,34.764
208,37555.543,37624.129,68.586,30.195
209,37593.436,37653.912,60.475,29.783
210,37623.601,37683.734,60.133,29.823
211,37653.238,37719.256,66.018,35.522
212,37683.175,37749.720,66.545,30.464
213,37718.698,37780.170,61.471,30.449
214,37749.237,37810.801,61.563,30.631
215,37779.644,37841.303,61.659,30.502
216,37810.349,37876.684,66.335,35.381
217,37840.875,37907.776,66.901,31.092
218,37876.196,37939.177,62.981,31.401
219,37907.224,37970.906,63.683,31.729
220,37938.612,38002.149,63.537,31.243
221,37970.376,38048.345,77.969,46.196
222,38001.619,38079.900,78.281,31.555
223,38047.749,38109.714,61.965,29.815
224,38079.427,38139.938,60.511,30.223
225,38109.253,38173.344,64.091,33.406
226,38139.414,38209.175,69.761,35.831
227,38172.726,38239.160,66.433,29.985
228,38208.630,38269.061,60.430,29.901
229,38238.500,38298.572,60.072,29.511
230,38268.388,38329.061,60.673,30.489
231,38297.975,38366.531,68.555,37.470
232,38328.580,38398.246,69.666,31.716
233,38365.987,38429.720,63.733,31.474
234,38397.742,38460.385,62.643,30.665
235,38429.011,38492.934,63.923,32.549
236,38459.790,38537.241,77.451,44.306
237,38492.381,38568.531,76.150,31.291
238,38536.683,38599.230,62.547,30.699
239,38567.880,38631.048,63.168,31.817
240,38598.715,38661.788,63.072,30.740
241,38630.537,38698.638,68.101,36.850
242,38661.358,38729.850,68.492,31.212
243,38698.149,38760.599,62.450,30.749
244,38729.354,38790.628,61.275,30.029
245,38760.053,38822.636,62.583,32.008
246,38790.084,38859.099,69.015,36.463
247,38822.138,38890.359,68.222,31.261
248,38858.586,38922.050,63.464,31.690
249,38889.899,38954.107,64.208,32.058
250,38921.334,38996.279,74.945,42.172
251,38953.546,39033.634,80.089,37.355
252,38995.809,39065.350,69.541,31.716
253,39033.098,39095.818,62.720,30.467
254,39064.711,39127.708,62.996,31.890
255,39095.281,39158.993,63.711,31.285
256,39127.191,39194.389,67.198,35.396
257,39158.464,39224.330,65.867,29.941
258,39193.848,39256.435,62.586,32.104
259,39223.781,39287.777,63.996,31.343
260,39255.877,39321.365,65.488,33.588
261,39287.105,39356.854,69.749,35.489
262,39320.784,39387.076,66.292,30.222
263,39356.358,39416.506,60.148,29.430
264,39386.461,39454.966,68.505,38.460
265,39415.935,39492.632,76.697,37.666
266,39451.333,39527.935,76.602,35.303
267,39492.119,39558.311,66.192,30.376
268,39527.436,39588.896,61.459,30.585
269,39557.700,39618.662,60.962,29.767
270,39588.256,39649.592,61.336,30.929
271,39618.063,39687.495,69.432,37.904
272,39649.124,39719.402,70.278,31.906
273,39687.035,39752.754,65.719,33.352
274,39718.846,39785.484,66.637,32.730
275,39752.209,39816.775,64.566,31.291
276,39784.947,39853.060,68.113,36.286
277,39816.173,39883.725,67.551,30.664
278,39852.566,39914.463,61.897,30.738
279,39883.246,39955.091,71.845,40.627
280,39913.950,39986.130,72.181,31.040
281,39948.098,40023.683,75.584,37.552
282,39985.587,40053.490,67.902,29.807
283,40023.164,40083.457,60.293,29.967
284,40052.801,40112.929,60.128,29.472
285,40082.974,40144.466,61.492,31.536
286,40112.346,40189.451,77.105,44.986
287,40143.985,40222.733,78.748,33.282
288,40188.735,40255.113,66.379,32.381
289,40222.214,40287.616,65.401,32.502
290,40254.612,40323.644,69.032,36.028
291,40287.112,40362.656,75.544,39.012
292,40323.002,40394.195,71.193,31.539
293,40362.202,40427.566,65.364,33.372
294,40393.693,40468.969,75.276,41.402
295,40427.014,40502.981,75.967,34.012
296,40468.272,40540.225,71.953,37.244
297,40502.440,40573.358,70.918,33.134
298,40539.757,40607.760,68.003,34.402
299,40572.872,40641.421,68.549,33.660
0,40607.210,40673.509,66.298,32.088
1,40640.756,40710.957,70.201,37.448
2,40672.877,40741.900,69.023,30.943
3,40710.528,40771.543,61.015,29.643
4,40741.270,40801.363,60.093,29.820
5,40770.877,40834.183,63.306,32.820
6,40800.833,40870.052,69.218,35.868
7,40833.706,40899.743,66.037,29.691
8,40869.585,40932.601,63.016,32.858
9,40899.262,40967.295,68.033,34.694
10,40929.015,40997.199,68.183,29.904
11,40966.825,41034.669,67.844,37.470
12,40996.553,41065.425,68.872,30.756
13,41034.145,41095.716,61.571,30.292
14,41064.824,41126.445,61.621,30.729
15,41095.157,41155.649,60.492,29.204
16,41125.731,41191.481,65.750,35.832
17,41155.108,41220.452,65.344,28.971
18,41190.988,41249.531,58.543,29.079
19,41219.885,41279.980,60.095,30.448
20,41249.011,41309.818,60.808,29.839
21,41279.389,41337.863,58.474,28.045
22,41309.271,41366.795,57.525,28.932
23,41337.307,41395.865,58.558,29.070
24,41366.287,41447.851,81.565,51.986
25,41395.327,41510.899,115.573,63.048
26,41433.292,41573.926,140.635,63.027
27,41497.727,41636.150,138.424,62.224
28,41559.920,41685.996,126.076,49.846
29,41621.432,41721.131,99.700,35.135
30,41685.451,41752.029,66.578,30.898
31,41720.652,41784.081,63.429,32.052
32,41751.481,41814.794,63.313,30.713
33,41783.575,41845.897,62.323,31.104
34,41814.377,41881.358,66.981,35.461
35,41845.434,41912.570,67.135,31.212
36,41880.874,41943.471,62.597,30.901
37,41911.998,41973.193,61.195,29.723
38,41942.889,42002.521,59.632,29.328
39,41972.499,42037.693,65.195,35.172
40,42002.000,42067.519,65.519,29.826
41,42037.187,42098.166,60.979,30.647
42,42067.006,42129.191,62.185,31.025
43,42097.611,42166.487,68.876,37.296
44,42128.643,42203.026,74.383,36.539
45,42165.973,42235.592,69.619,32.566
46,42202.487,42266.221,63.734,30.629
47,42234.964,42298.840,63.876,32.619
48,42265.492,42331.492,66.000,32.652
49,42298.265,42369.769,71.504,38.277
50,42330.948,42401.088,70.141,31.319
51,42368.953,42431.124,62.171,30.035
52,42400.535,42460.824,60.289,29.701
53,42430.480,42490.919,60.439,30.095
54,42460.196,42526.687,66.492,35.768
55,42490.318,42556.445,66.127,29.758
56,42526.213,42585.798,59.585,29.352
57,42555.860,42631.735,75.875,45.937
58,42585.306,42664.471,79.165,32.736
59,42631.245,42694.411,63.166,29.940
60,42664.001,42725.188,61.187,30.777
61,42693.836,42756.710,62.874,31.522
62,42724.636,42787.387,62.751,30.677
63,42756.053,42818.093,62.040,30.706
64,42786.783,42848.592,61.809,30.499
65,42817.613,42879.273,61.660,30.681
66,42847.958,42910.912,62.954,31.639
67,42878.737,42940.772,62.036,29.860
68,42910.467,42970.604,60.137,29.831
69,42940.174,43000.805,60.631,30.202
70,42970.126,43033.175,63.048,32.369
71,43000.228,43067.654,67.425,34.479
72,43032.697,43103.012,70.315,35.358
73,43064.119,43134.663,70.545,31.651
74,43102.434,43165.013,62.580,30.350
75,43134.160,43195.969,61.809,30.955
76,43164.484,43226.203,61.719,30.234
77,43195.344,43256.058,60.715,29.856
78,43225.710,43285.823,60.112,29.765
79,43255.481,43315.941,60.460,30.119
80,43285.266,43347.047,61.781,31.106
81,43315.403,43377.087,61.684,30.040
82,43346.550,43407.624,61.074,30.537
83,43376.498,43437.518,61.020,29.894
84,43407.055,43467.826,60.771,30.308
85,43436.910,43499.825,62.915,31.999
86,43467.362,43534.783,67.421,34.957
87,43499.192,43563.922,64.729,29.139
88,43529.857,43593.204,63.347,29.282
89,43563.482,43622.155,58.673,28.951
90,43592.703,43654.356,61.653,32.201
91,43621.615,43684.402,62.787,30.046
92,43653.830,43713.761,59.931,29.359
93,43683.872,43742.220,58.348,28.459
94,43713.251,43771.464,58.213,29.244
95,43741.698,43799.929,58.231,28.465
96,43770.950,43829.131,58.181,29.202
97,43799.366,43858.345,58.978,29.214
98,43828.521,43888.053,59.532,29.708
99,43857.752,43917.438,59.685,29.385
100,43887.446,43947.241,59.796,29.804
101,43916.944,43980.210,63.266,32.968
102,43946.758,44017.190,70.432,36.980
103,43976.583,44048.801,72.218,31.611
104,44016.742,44081.889,65.147,33.088
