Frame,DownloadedTime(ms),RenderedTime(ms),RenderDelay(ms),FrameInterval(ms)
1,381.975,455.249,73.274,0.000
2,415.265,484.456,69.192,29.207
3,453.879,513.478,59.600,29.022
4,511.867,571.572,59.705,58.094
5,570.016,601.365,31.349,29.793
6,615.512,646.413,30.900,45.048
7,665.605,698.994,33.389,52.581
8,697.454,730.508,33.054,31.514
9,729.129,760.729,31.601,30.221
10,765.355,831.211,65.855,70.481
11,798.955,860.587,61.631,29.376
12,829.542,890.967,61.424,30.380
13,889.362,924.275,34.913,33.309
14,932.203,995.779,63.575,71.503
15,994.279,1024.519,30.240,28.740
16,1032.467,1097.481,65.015,72.963
17,1066.218,1127.552,61.335,30.071
18,1096.177,1148.579,52.402,21.027
19,1126.198,1188.620,62.423,40.041
20,1166.404,1211.265,44.861,22.644
21,1209.917,1256.455,46.538,45.190
22,1255.189,1277.367,22.178,20.912
23,1283.111,1305.175,22.064,27.808
24,1315.829,1339.738,23.909,34.562
25,1349.416,1381.811,32.395,42.073
26,1380.551,1421.419,40.869,39.608
27,1420.151,1442.207,22.056,20.788
28,1449.447,1471.238,21.791,29.031
29,1482.834,1504.713,21.879,33.475
30,1516.841,1540.785,23.943,36.071
31,1549.533,1584.974,35.441,44.190
32,1574.660,1606.267,31.607,21.293
33,1617.055,1639.298,22.243,33.031
34,1649.782,1671.928,22.146,32.631
35,1683.475,1715.394,31.918,43.465
36,1713.892,1750.839,36.947,35.446
37,1749.310,1780.013,30.703,29.174
38,1778.648,1825.837,47.189,45.824
39,1824.502,1847.982,23.480,22.145
40,1866.806,1907.605,40.799,59.623
41,1906.429,1940.548,34.119,32.944
42,1939.218,1973.437,34.219,32.889
43,1971.981,2008.553,36.572,35.116
44,2007.032,2041.265,34.233,32.712
45,2039.914,2073.546,33.631,32.281
46,2072.214,2106.553,34.339,33.008
47,2105.278,2141.553,36.276,35.000
48,2140.155,2180.152,39.998,38.599
49,2178.672,2242.938,64.266,62.786
50,2241.543,2271.501,29.958,28.563
51,2283.831,2314.430,30.599,42.929
52,2334.514,2381.319,46.805,66.889
53,2379.846,2431.078,51.232,49.759
54,2429.489,2460.490,31.001,29.412
55,2459.115,2484.748,25.634,24.259
56,2483.545,2508.090,24.545,23.341
57,2506.867,2536.308,29.441,28.218
58,2535.058,2569.081,34.022,32.772
59,2567.728,2600.972,33.244,31.891
60,2584.753,2635.610,50.857,34.638
61,2618.799,2667.651,48.852,32.040
62,2634.360,2701.878,67.518,34.228
63,2651.144,2735.186,84.043,33.308
64,2684.212,2769.238,85.026,34.052
65,2700.741,2802.156,101.416,32.918
66,2717.320,2835.635,118.314,33.478
67,2734.014,2869.212,135.199,33.578
68,2751.005,2902.044,151.039,32.832
69,2767.902,2936.775,168.873,34.731
70,2784.440,2969.194,184.755,32.419
71,2800.799,3003.053,202.254,33.859
72,2834.449,3036.266,201.817,33.213
73,2867.915,3069.141,201.226,32.875
74,2900.875,3102.576,201.701,33.435
75,2935.507,3140.684,205.177,38.108
76,2967.699,3179.232,211.533,38.548
77,3001.508,3207.798,206.290,28.566
78,3034.932,3244.201,209.269,36.402
79,3067.868,3269.572,201.704,25.371
80,3101.457,3304.681,203.224,35.109
81,3136.158,3338.905,202.747,34.225
82,3177.907,3373.470,195.563,34.565
83,3206.498,3405.654,199.156,32.184
84,3242.830,3444.144,201.314,38.490
85,3285.084,3474.288,189.205,30.145
86,3318.171,3507.424,189.253,33.136
87,3352.019,3541.033,189.014,33.608
88,3384.720,3580.117,195.396,39.084
89,3418.276,3606.834,188.558,26.718
90,3442.616,3642.080,199.464,35.246
91,3472.952,3674.779,201.827,32.699
92,3506.091,3714.360,208.268,39.581
93,3539.627,3771.146,231.519,56.786
94,3578.702,3798.146,219.444,27.000
95,3618.315,3834.134,215.819,35.988
96,3651.489,3858.006,206.517,23.872
97,3685.335,3882.171,196.836,24.166
98,3735.496,3911.283,175.787,29.111
99,3769.548,3949.816,180.268,38.533
100,3796.798,3976.240,179.442,26.424
101,3827.794,4009.574,181.780,33.334
102,3856.681,4036.471,179.790,26.897
103,3880.830,4070.062,189.232,33.590
104,3910.124,4102.993,192.869,32.931
105,3948.550,4136.596,188.046,33.603
106,3974.795,4170.316,195.521,33.720
107,4008.198,4208.914,200.715,38.598
108,4035.079,4242.784,207.705,33.870
109,4068.728,4277.606,208.879,34.823
110,4101.581,4313.602,212.021,35.996
111,4135.252,4346.370,211.118,32.768
112,4168.746,4380.367,211.621,33.997
113,4207.541,4411.616,204.075,31.248
114,4241.349,4443.870,202.520,32.254
115,4276.262,4472.273,196.011,28.403
116,4312.246,4515.608,203.362,43.335
117,4345.060,4536.058,190.998,20.450
118,4379.162,4571.294,192.132,35.236
119,4410.275,4603.088,192.812,31.794
120,4442.549,4636.520,193.971,33.432
121,4471.052,4670.981,199.929,34.462
122,4507.685,4705.218,197.533,34.237
123,4553.322,4736.197,182.875,30.979
124,4586.026,4770.677,184.651,34.480
125,4619.380,4804.189,184.808,33.512
126,4652.872,4837.965,185.093,33.776
127,4686.310,4872.221,185.910,34.255
128,4718.938,4904.035,185.098,31.815
129,4753.176,4937.036,183.860,33.001
130,4786.296,4973.109,186.813,36.073
131,4819.378,5007.366,187.988,34.257
132,4853.503,5040.232,186.729,32.866
133,4886.474,5073.584,187.110,33.352
134,4919.983,5107.131,187.148,33.548
135,4952.829,5142.387,189.558,35.256
136,4985.745,5176.119,190.374,33.732
137,5019.197,5213.195,193.998,37.076
138,5052.465,5264.762,212.297,51.567
139,5085.909,5294.525,208.616,29.762
140,5119.231,5331.429,212.198,36.904
141,5152.903,5360.574,207.671,29.145
142,5185.850,5388.324,202.473,27.750
143,5235.935,5416.058,180.123,27.734
144,5289.898,5446.953,157.055,30.896
145,5330.021,5481.026,151.005,34.073
146,5359.123,5532.164,173.041,51.138
147,5414.571,5562.027,147.456,29.863
148,5452.693,5591.018,138.324,28.991
149,5503.035,5621.194,118.158,30.176
150,5560.477,5651.288,90.811,30.094
151,5619.618,5682.979,63.361,31.690
152,5649.614,5717.676,68.063,34.697
153,5681.465,5748.486,67.020,30.810
154,5716.102,5784.553,68.451,36.067
155,5747.024,5813.385,66.360,28.832
156,5782.895,5882.067,99.172,68.682
157,5837.498,5911.603,74.105,29.536
158,5880.539,5941.822,61.284,30.219
159,5940.316,5972.431,32.115,30.609
160,5986.613,6017.541,30.927,45.109
161,6037.338,6082.559,45.220,65.018
162,6081.049,6117.018,35.969,34.460
163,6115.414,6147.370,31.956,30.351
164,6145.996,6181.706,35.711,34.337
165,6180.274,6216.788,36.514,35.082
166,6215.240,6247.087,31.847,30.299
167,6245.555,6302.499,56.944,55.411
168,6301.113,6333.031,31.918,30.533
169,6336.840,6383.939,47.099,50.908
170,6382.163,6412.504,30.340,28.564
171,6420.732,6455.019,34.287,42.515
172,6470.843,6517.361,46.519,62.343
173,6515.793,6547.172,31.379,29.811
174,6545.689,6601.492,55.803,54.320
175,6600.059,6631.175,31.116,29.683
176,6629.769,6663.068,33.298,31.892
177,6661.560,6694.560,33.000,31.492
178,6693.059,6725.863,32.804,31.303
179,6724.491,6756.764,32.273,30.901
180,6755.356,6786.791,31.435,30.027
181,6804.109,6852.237,48.127,65.446
182,6850.779,6881.647,30.868,29.410
183,6887.435,6924.231,36.796,42.584
184,6922.757,6953.603,30.846,29.372
185,6958.141,7017.682,59.542,64.080
186,7016.259,7058.597,42.337,40.914
187,7057.281,7089.408,32.127,30.811
188,7087.872,7119.783,31.912,30.375
189,7118.379,7151.049,32.670,31.266
190,7149.611,7181.997,32.385,30.948
191,7180.534,7235.610,55.075,53.613
192,7234.130,7265.493,31.363,29.883
193,7263.986,7296.755,32.769,31.262
194,7321.237,7353.607,32.370,56.852
195,7352.158,7382.427,30.269,28.820
196,7404.482,7452.351,47.868,69.924
197,7451.067,7483.663,32.595,31.312
198,7482.254,7514.907,32.652,31.244
199,7513.483,7552.615,39.132,37.708
200,7551.115,7586.822,35.706,34.207
201,7581.963,7623.861,41.898,37.039
202,7622.333,7655.461,33.128,31.600
203,7653.940,7687.084,33.145,31.624
204,7685.666,7717.558,31.892,30.473
205,7738.372,7787.594,49.222,70.036
206,7786.133,7819.373,33.240,31.779
207,7823.123,7885.543,62.420,66.170
208,7855.185,7916.369,61.184,30.826
209,7914.758,7955.169,40.411,38.800
210,7953.630,7987.272,33.641,32.103
211,7985.963,8019.410,33.447,32.138
212,8018.079,8051.102,33.023,31.693
213,8049.490,8082.939,33.449,31.837
214,8081.564,8120.825,39.261,37.886
215,8119.444,8162.624,43.180,41.799
216,8153.770,8193.956,40.186,31.332
217,8205.038,8253.522,48.485,59.567
218,8252.079,8284.418,32.339,30.896
219,8305.689,8352.279,46.590,67.860
220,8350.756,8382.727,31.970,30.448
221,8381.276,8415.004,33.728,32.277
222,8413.565,8452.587,39.021,37.583
223,8451.129,8485.088,33.958,32.501
224,8483.494,8516.441,32.947,31.353
225,8514.950,8553.223,38.273,36.782
226,8551.635,8583.753,32.119,30.531
227,8582.316,8614.622,32.306,30.869
228,8612.807,8653.064,40.257,38.442
229,8651.577,8682.642,31.065,29.578
230,8689.641,8731.721,42.080,49.079
231,8730.362,8761.624,31.262,29.903
232,8772.248,8820.186,47.938,58.561
233,8818.655,8851.044,32.390,30.859
234,8849.683,8881.999,32.316,30.955
235,8880.540,8920.518,39.978,38.519
236,8919.108,8953.105,33.997,32.588
237,8951.605,8984.380,32.775,31.274
238,8982.952,9016.194,33.242,31.814
239,9014.736,9053.661,38.926,37.468
240,9052.160,9083.691,31.532,30.030
241,9089.497,9153.514,64.017,69.823
242,9122.818,9183.262,60.443,29.747
243,9181.750,9212.705,30.955,29.443
244,9222.580,9264.396,41.816,51.691
245,9262.991,9294.910,31.918,30.514
246,9306.015,9354.579,48.564,59.669
247,9353.022,9385.101,32.079,30.523
248,9383.619,9415.873,32.253,30.771
249,9414.471,9453.732,39.261,37.860
250,9452.312,9485.043,32.730,31.310
251,9483.553,9515.834,32.282,30.792
252,9514.343,9555.909,41.565,40.074
253,9554.330,9585.844,31.514,29.936
254,9606.575,9653.517,46.942,67.673
255,9652.057,9682.872,30.815,29.355
256,9707.105,9754.324,47.219,71.452
257,9752.810,9786.271,33.461,31.947
258,9784.573,9823.327,38.753,37.055
259,9815.990,9890.063,74.073,66.737
260,9874.353,9955.785,81.432,65.722
261,9939.260,10021.981,82.721,66.196
262,10006.199,10081.876,75.676,59.895
263,10072.786,10120.360,47.573,38.484
264,10118.963,10150.667,31.703,30.307
265,10156.627,10223.316,66.688,72.649
266,10191.084,10254.024,62.940,30.709
267,10221.617,10283.090,61.474,29.066
268,10252.575,10321.597,69.022,38.507
269,10289.992,10351.630,61.637,30.033
270,10320.167,10381.749,61.582,30.120
271,10350.056,10421.104,71.048,39.355
272,10380.236,10450.225,69.989,29.121
273,10419.645,10480.760,61.115,30.535
274,10479.304,10522.697,43.393,41.938
275,10521.265,10551.792,30.527,29.095
276,10574.398,10627.330,52.932,75.538
277,10622.788,10665.381,42.593,38.051
278,10664.044,10697.576,33.531,32.194
279,10696.263,10729.064,32.801,31.488
280,10727.735,10760.939,33.204,31.876
281,10759.478,10792.986,33.508,32.047
282,10791.595,10825.580,33.985,32.594
283,10824.040,10857.737,33.697,32.157
284,10856.250,10889.820,33.569,32.083
285,10888.277,10920.256,31.979,30.436
286,10941.291,10989.957,48.666,69.702
287,10988.569,11020.608,32.039,30.651
288,11041.038,11087.439,46.401,66.830
289,11085.999,11119.366,33.367,31.927
290,11117.847,11154.610,36.763,35.244
291,11150.156,11192.969,42.813,38.359
292,11191.542,11225.727,34.185,32.758
293,11224.275,11258.982,34.707,33.255
294,11257.544,11291.249,33.706,32.267
295,11289.759,11323.795,34.036,32.546
296,11322.328,11355.100,32.771,31.305
297,11353.732,11385.959,32.227,30.859
298,11391.049,11455.874,64.825,69.915
299,11424.593,11486.613,62.020,30.739
1,11825.149,11855.524,30.374,368.911
2,11875.280,11923.628,48.348,68.104
3,11922.146,11953.227,31.081,29.599
4,11975.323,12030.335,55.013,77.109
5,12028.934,12064.240,35.306,33.905
6,12059.785,12099.806,40.021,35.566
7,12098.455,12137.182,38.726,37.376
